source,source_id,company,title,url,location,remote_status,florida_eligible,salary_min,salary_max,score,decision,reasons,gaps
lever,371d9d87-3684-4acb-b73c-202855b329a6,Arcadia,"Senior / Lead Analyst, Customer Insights",https://jobs.lever.co/arcadia/371d9d87-3684-4acb-b73c-202855b329a6,Remote (USA),remote,True,125000,145000,64,review,"Role-family alignment: +5. | Verified remote arrangement: +15. | Florida eligibility verified: +10. | Published base floor is at least $110,000: +20. | Evidence-aligned keywords (project management, workflow, automation, stakeholder, ai): +14.",
lever,f05fbca8-fea6-45d4-948d-4e16b14eac9e,Rover,Senior Marketing Manager,https://jobs.lever.co/rover/f05fbca8-fea6-45d4-948d-4e16b14eac9e,Remote,remote,,153430,190766,59,verify,"Role-family alignment: +5. | Verified remote arrangement: +15. | Published base floor is at least $110,000: +20. | Evidence-aligned keywords (operations, implementation, workflow, automation, stakeholder, ai): +19.",Florida eligibility is unknown.
lever,de04a85c-78c2-4b90-ad4e-31c94e0987f3,Arcadia,Revenue Operations Staff Systems Engineer,https://jobs.lever.co/arcadia/de04a85c-78c2-4b90-ad4e-31c94e0987f3,Remote (USA),remote,True,,,55,verify,"Role-family alignment: +5. | Verified remote arrangement: +15. | Florida eligibility verified: +10. | Evidence-aligned keywords (operations, implementation, customer operations, salesforce, workflow, automation): +25.",Role is not clearly full-time employment. | Compensation is not published or verified.
lever,4102c7dd-e2b8-44d6-90e0-d0076e888dbb,Swiftly,"Engineering Manager, IoT",https://jobs.lever.co/goswift/4102c7dd-e2b8-44d6-90e0-d0076e888dbb,United States,remote,,155000,240000,50,verify,"Role-family alignment: +5. | Verified remote arrangement: +15. | Published base floor is at least $110,000: +20. | Evidence-aligned keywords (operations, implementation, ai): +10.",Florida eligibility is unknown.
lever,27185ca2-8b98-4b80-9098-e69b74818b61,Arcadia,"Director, Training and Enablement",https://jobs.lever.co/arcadia/27185ca2-8b98-4b80-9098-e69b74818b61,Remote (USA),remote,True,,,49,verify,"Role-family alignment: +5. | Verified remote arrangement: +15. | Florida eligibility verified: +10. | Evidence-aligned keywords (operations, implementation, workflow, automation, stakeholder, ai): +19.",Compensation is not published or verified.
lever,441b155c-f843-4767-b216-d0b709207dd7,Agile Defense,Senior Solutions Architect,https://jobs.lever.co/agile-defense/441b155c-f843-4767-b216-d0b709207dd7,Remote,remote,,180000,200000,48,verify,"Role-family alignment: +5. | Verified remote arrangement: +15. | Published base floor is at least $110,000: +20. | Evidence-aligned keywords (project management, automation, ai): +8.",Florida eligibility is unknown.
lever,bc61c1d1-8824-43b3-a90d-a0016c8c5989,Arcadia,Head of Revenue Operations,https://jobs.lever.co/arcadia/bc61c1d1-8824-43b3-a90d-a0016c8c5989,Remote (USA),remote,True,,,48,verify,"Role-family alignment: +5. | Verified remote arrangement: +15. | Florida eligibility verified: +10. | Evidence-aligned keywords (operations, crm, salesforce, workflow, automation, ai): +18.",Compensation is not published or verified.
lever,af9ca658-6c46-46fd-a02b-6a3d2d0b0811,Arcadia,Implementation Manager,https://jobs.lever.co/arcadia/af9ca658-6c46-46fd-a02b-6a3d2d0b0811,"Boston, MA",remote,,,,48,verify,"Role-family alignment: +17. | Verified remote arrangement: +15. | Evidence-aligned keywords (process improvement, implementation, project management, stakeholder, ai): +16.",Role is not clearly full-time employment. | Florida eligibility is unknown. | Compensation is not published or verified.
lever,a00434ae-8717-4601-9869-209f0ac58f8b,Arbital Health,Technical Implementation Manager,https://jobs.lever.co/arbitalhealth/a00434ae-8717-4601-9869-209f0ac58f8b,Remote,remote,,,,47,verify,"Role-family alignment: +17. | Verified remote arrangement: +15. | Evidence-aligned keywords (implementation, workflow, automation, stakeholder, ai): +15.",Florida eligibility is unknown. | Compensation is not published or verified.
lever,facff254-78e3-4328-83f4-fd13fa7ef627,Arcadia,Enterprise Implementation Manager,https://jobs.lever.co/arcadia/facff254-78e3-4328-83f4-fd13fa7ef627,Remote,remote,,,,47,verify,"Role-family alignment: +17. | Verified remote arrangement: +15. | Evidence-aligned keywords (implementation, project management, workflow, stakeholder, ai): +15.",Florida eligibility is unknown. | Compensation is not published or verified.
lever,8d01e985-fc84-4097-ab31-ca2a328d8e11,Arcadia,"Principal Product Manager, AI Product",https://jobs.lever.co/arcadia/8d01e985-fc84-4097-ab31-ca2a328d8e11,Remote (USA),remote,True,,,46,verify,"Role-family alignment: +5. | Verified remote arrangement: +15. | Florida eligibility verified: +10. | Evidence-aligned keywords (operations, implementation, workflow, automation, ai): +16.",Compensation is not published or verified.
lever,5e98cddf-65e5-427a-807b-bc604802eb86,Swiftly,Senior Software Engineer (IoT),https://jobs.lever.co/goswift/5e98cddf-65e5-427a-807b-bc604802eb86,British Columbia,remote,,124000,205000,46,verify,"Role-family alignment: +5. | Verified remote arrangement: +15. | Published base floor is at least $110,000: +20. | Evidence-aligned keywords (operations, ai): +6.",Florida eligibility is unknown.
lever,5ecb63bd-5d57-451a-ab8f-eadce294630a,Agile Defense,Procurement Compliance Manager,https://jobs.lever.co/agile-defense/5ecb63bd-5d57-451a-ab8f-eadce294630a,Remote,remote,,,,45,verify,"Role-family alignment: +5. | Verified remote arrangement: +15. | Evidence-aligned keywords (operations, process improvement, implementation, crm, workflow, automation): +25.",Role is not clearly full-time employment. | Florida eligibility is unknown. | Compensation is not published or verified.
lever,16fb294b-eb50-4f1d-a3e9-fd0c34a8594e,Arcadia,Lead Analytics Engineer - Data Modeling & Quality,https://jobs.lever.co/arcadia/16fb294b-eb50-4f1d-a3e9-fd0c34a8594e,Remote (USA),hybrid,True,,,44,verify,"Role-family alignment: +5. | Remote indicated in location: +10; eligibility still requires verification. | Florida eligibility verified: +10. | Evidence-aligned keywords (operations, implementation, workflow, automation, stakeholder, ai): +19.",Compensation is not published or verified.
lever,2095cc98-e1ea-4343-a7b9-1490dde535fd,Arcadia,"Vice President of Sales, Provider",https://jobs.lever.co/arcadia/2095cc98-e1ea-4343-a7b9-1490dde535fd,Remote (USA),remote,True,,,42,verify,"Role-family alignment: +5. | Verified remote arrangement: +15. | Florida eligibility verified: +10. | Evidence-aligned keywords (operations, salesforce, stakeholder, ai): +12.",Role is not clearly full-time employment. | Compensation is not published or verified.
lever,894ccc47-f430-4391-8dc1-063079c602db,Arcadia,"Director, Analytics",https://jobs.lever.co/arcadia/894ccc47-f430-4391-8dc1-063079c602db,Remote (USA),remote,True,,,41,verify,"Role-family alignment: +5. | Verified remote arrangement: +15. | Florida eligibility verified: +10. | Evidence-aligned keywords (workflow, automation, stakeholder, ai): +11.",Compensation is not published or verified.
lever,91f5f849-2097-4b38-9a63-925e95f56354,Rover,Assistant Controller,https://jobs.lever.co/rover/91f5f849-2097-4b38-9a63-925e95f56354,Seattle,hybrid,,140761,179228,41,verify,"Role-family alignment: +5. | Published base floor is at least $110,000: +20. | Evidence-aligned keywords (operations, implementation, automation, stakeholder, ai): +16.",Remote status is not verified. | Florida eligibility is unknown.
lever,6dd0e002-3005-4848-95ca-2b3c0f773c43,Rover,Senior Director of Lifecycle Strategy,https://jobs.lever.co/rover/6dd0e002-3005-4848-95ca-2b3c0f773c43,Seattle,onsite,,196726,261646,41,verify,"Role-family alignment: +5. | Published base floor is at least $110,000: +20. | Evidence-aligned keywords (operations, implementation, crm, automation, ai): +16.",Remote status is not verified. | Florida eligibility is unknown.
lever,8d47c7e3-34c9-427d-9836-eebc128ad7b0,Swiftly,"Sales Manager, SMB",https://jobs.lever.co/goswift/8d47c7e3-34c9-427d-9836-eebc128ad7b0,United States,onsite,,120000,201300,40,verify,"Role-family alignment: +5. | Published base floor is at least $110,000: +20. | Evidence-aligned keywords (operations, salesforce, workflow, stakeholder, ai): +15.",Remote status is not verified. | Florida eligibility is unknown.
lever,648a0928-f5df-4d5e-856b-a9a7a9115cc6,Arcadia,Chief of Staff - Commercial Strategy,https://jobs.lever.co/arcadia/648a0928-f5df-4d5e-856b-a9a7a9115cc6,Remote (USA),remote,True,,,39,verify,"Role-family alignment: +5. | Verified remote arrangement: +15. | Florida eligibility verified: +10. | Evidence-aligned keywords (operations, stakeholder, ai): +9.",Compensation is not published or verified.
lever,ff8fbc1e-bb28-4b02-af63-f6a8083cdb0c,Agile Defense,"Information System Security Officers (ISSO), Senior Security Engineers & Security Engineering Leads (CBP)",https://jobs.lever.co/agile-defense/ff8fbc1e-bb28-4b02-af63-f6a8083cdb0c,"Reston, VA",hybrid,,140000,190000,38,verify,"Role-family alignment: +5. | Published base floor is at least $110,000: +20. | Evidence-aligned keywords (operations, implementation, project management, ai): +13.",Role is not clearly full-time employment. | Remote status is not verified. | Florida eligibility is unknown.
lever,04782e8c-bb50-4f87-a473-7d63dbacca45,Agile Defense,Security Operations Center Manager (CBP),https://jobs.lever.co/agile-defense/04782e8c-bb50-4f87-a473-7d63dbacca45,"Reston, VA",hybrid,,155000,185000,38,verify,"Role-family alignment: +5. | Published base floor is at least $110,000: +20. | Evidence-aligned keywords (operations, program management, workflow, ai): +13.",Role is not clearly full-time employment. | Remote status is not verified. | Florida eligibility is unknown.
lever,67cc8e4a-92bc-4d3b-a158-1098c15939e0,Arcadia,"Staff Applied AI Engineer, Product & Agent Performance",https://jobs.lever.co/arcadia/67cc8e4a-92bc-4d3b-a158-1098c15939e0,Remote (USA),remote,True,,,38,verify,"Role-family alignment: +5. | Verified remote arrangement: +15. | Florida eligibility verified: +10. | Evidence-aligned keywords (workflow, automation, ai): +8.",Compensation is not published or verified.
lever,06a73dca-bc19-4389-90f6-73958c45e906,Swiftly,Customer Training & Adoption Specialist(SaaS),https://jobs.lever.co/goswift/06a73dca-bc19-4389-90f6-73958c45e906,United States,remote,,74000,124000,38,verify,"Role-family alignment: +5. | Verified remote arrangement: +15. | Evidence-aligned keywords (operations, implementation, workflow, ai): +13.","Florida eligibility is unknown. | Published salary range begins below $90,000."
lever,33a8adb7-aed0-4e7f-86dd-2738b8ef55fb,Agile Defense,Splunk Architect Lead (CBP),https://jobs.lever.co/agile-defense/33a8adb7-aed0-4e7f-86dd-2738b8ef55fb,"Reston, VA",hybrid,,175000,225000,37,verify,"Role-family alignment: +5. | Published base floor is at least $110,000: +20. | Evidence-aligned keywords (operations, project management, automation, ai): +12.",Role is not clearly full-time employment. | Remote status is not verified. | Florida eligibility is unknown.
lever,c3bbbce9-2e2a-4db9-a193-33d2d796e6b8,Swiftly,Director of Communications,https://jobs.lever.co/goswift/c3bbbce9-2e2a-4db9-a193-33d2d796e6b8,United States,onsite,,153750,205000,37,verify,"Role-family alignment: +5. | Published base floor is at least $110,000: +20. | Evidence-aligned keywords (operations, workflow, stakeholder, ai): +12.",Remote status is not verified. | Florida eligibility is unknown.
lever,d446e305-3904-4cc6-b11b-77a4aea2b0f3,Swiftly,Senior Product Designer,https://jobs.lever.co/goswift/d446e305-3904-4cc6-b11b-77a4aea2b0f3,United States,onsite,,120000,160000,37,verify,"Role-family alignment: +5. | Published base floor is at least $110,000: +20. | Evidence-aligned keywords (operations, workflow, automation, ai): +12.",Remote status is not verified. | Florida eligibility is unknown.
lever,ee058543-184a-4d95-b004-fef4e42b62a7,Agile Defense,Program Manager,https://jobs.lever.co/agile-defense/ee058543-184a-4d95-b004-fef4e42b62a7,"Ashburn, VA",onsite,,,,36,verify,"Role-family alignment: +16. | Evidence-aligned keywords (operations, implementation, program management, workflow, stakeholder, ai): +20.",Role is not clearly full-time employment. | Remote status is not verified. | Florida eligibility is unknown. | Compensation is not published or verified.
lever,1dd32b04-f586-4dc4-a228-0369fd2b59f5,Agile Defense,Program Manager (CBP),https://jobs.lever.co/agile-defense/1dd32b04-f586-4dc4-a228-0369fd2b59f5,"Reston, VA",hybrid,,,,36,verify,"Role-family alignment: +16. | Evidence-aligned keywords (operations, implementation, program management, project management, workflow, ai): +20.",Role is not clearly full-time employment. | Remote status is not verified. | Florida eligibility is unknown. | Compensation is not published or verified.
lever,45de3fd3-68f2-4b85-8892-42829e3a560d,Arbital Health,"Senior Product Manager, Data Platform",https://jobs.lever.co/arbitalhealth/45de3fd3-68f2-4b85-8892-42829e3a560d,Remote,remote,,,,36,verify,"Role-family alignment: +5. | Verified remote arrangement: +15. | Evidence-aligned keywords (operations, implementation, automation, stakeholder, ai): +16.",Florida eligibility is unknown. | Compensation is not published or verified.
lever,a1dc40f9-5ed2-4060-a016-ab138b8f8cfe,Arbital Health,"Vice President, Customer Success",https://jobs.lever.co/arbitalhealth/a1dc40f9-5ed2-4060-a016-ab138b8f8cfe,Remote,remote,,,,36,verify,"Role-family alignment: +5. | Verified remote arrangement: +15. | Evidence-aligned keywords (operations, implementation, crm, stakeholder, ai): +16.",Florida eligibility is unknown. | Compensation is not published or verified.
lever,c73c4f0b-0552-4f2a-bdd3-3a99145042fb,Rover,"Senior Engineering Manager, Commerce Platform",https://jobs.lever.co/rover/c73c4f0b-0552-4f2a-bdd3-3a99145042fb,Seattle,hybrid,,198696,264266,36,verify,"Role-family alignment: +5. | Published base floor is at least $110,000: +20. | Evidence-aligned keywords (workflow, automation, stakeholder, ai): +11.",Remote status is not verified. | Florida eligibility is unknown.
lever,af026ac9-6a79-4073-b237-4db04031d0a6,Agile Defense,Vulnerability Assessment (VA) Team Lead (CBP),https://jobs.lever.co/agile-defense/af026ac9-6a79-4073-b237-4db04031d0a6,"Reston, VA",hybrid,,155000,175000,35,verify,"Role-family alignment: +5. | Published base floor is at least $110,000: +20. | Evidence-aligned keywords (operations, implementation, ai): +10.",Role is not clearly full-time employment. | Remote status is not verified. | Florida eligibility is unknown.
lever,631c2c22-0759-4f84-a9a1-11305917c510,Arcadia,Principal Software Engineer-Platforms,https://jobs.lever.co/arcadia/631c2c22-0759-4f84-a9a1-11305917c510,Remote (USA),remote,True,,,35,verify,"Role-family alignment: +5. | Verified remote arrangement: +15. | Florida eligibility verified: +10. | Evidence-aligned keywords (workflow, ai): +5.",Compensation is not published or verified.
lever,210d0c06-5b33-4166-9c01-c735faeed795,Rover,Tax Manager,https://jobs.lever.co/rover/210d0c06-5b33-4166-9c01-c735faeed795,Seattle,hybrid,,125000,160000,35,verify,"Role-family alignment: +5. | Published base floor is at least $110,000: +20. | Evidence-aligned keywords (process improvement, implementation, ai): +10.",Remote status is not verified. | Florida eligibility is unknown.
lever,04509343-b26d-47e5-a9a8-ed83b0c032aa,Agile Defense,Artificial Intelligence Subject Matter Expert (CBP),https://jobs.lever.co/agile-defense/04509343-b26d-47e5-a9a8-ed83b0c032aa,"Reston, VA",onsite,,180000,235000,34,verify,"Role-family alignment: +5. | Published base floor is at least $110,000: +20. | Evidence-aligned keywords (operations, automation, ai): +9.",Role is not clearly full-time employment. | Remote status is not verified. | Florida eligibility is unknown.
lever,85dcf0d4-d004-4b57-add3-88bebfa5a36f,Agile Defense,Cyber Threat Intelligence Lead (CBP),https://jobs.lever.co/agile-defense/85dcf0d4-d004-4b57-add3-88bebfa5a36f,"Reston, VA",hybrid,,155000,180000,34,verify,"Role-family alignment: +5. | Published base floor is at least $110,000: +20. | Evidence-aligned keywords (operations, workflow, ai): +9.",Role is not clearly full-time employment. | Remote status is not verified. | Florida eligibility is unknown.
lever,32bd3bd9-825a-47fa-b7ec-8b8c6dbcabd6,Agile Defense,Digital Forensics Lead (CBP),https://jobs.lever.co/agile-defense/32bd3bd9-825a-47fa-b7ec-8b8c6dbcabd6,"Reston, VA",hybrid,,155000,175000,34,verify,"Role-family alignment: +5. | Published base floor is at least $110,000: +20. | Evidence-aligned keywords (operations, workflow, ai): +9.",Role is not clearly full-time employment. | Remote status is not verified. | Florida eligibility is unknown.
lever,f8ddce84-bed3-491a-a521-482a0ff90bd4,Agile Defense,Insider Threat Monitoring Lead (CBP),https://jobs.lever.co/agile-defense/f8ddce84-bed3-491a-a521-482a0ff90bd4,"Reston, VA",hybrid,,160000,185000,34,verify,"Role-family alignment: +5. | Published base floor is at least $110,000: +20. | Evidence-aligned keywords (operations, sop, ai): +9.",Role is not clearly full-time employment. | Remote status is not verified. | Florida eligibility is unknown.
lever,c88eaf0a-f272-4119-af81-fc71c617b006,Rover,Director of Corporate Development,https://jobs.lever.co/rover/c88eaf0a-f272-4119-af81-fc71c617b006,Seattle,onsite,,158513,210822,34,verify,"Role-family alignment: +5. | Published base floor is at least $110,000: +20. | Evidence-aligned keywords (implementation, stakeholder, ai): +9.",Remote status is not verified. | Florida eligibility is unknown.
lever,10c08b9a-0eef-4db7-aa4a-20e86543ca58,Swiftly,Senior Account Manager,https://jobs.lever.co/goswift/10c08b9a-0eef-4db7-aa4a-20e86543ca58,United States,onsite,,117000,180000,34,verify,"Role-family alignment: +5. | Published base floor is at least $110,000: +20. | Evidence-aligned keywords (operations, stakeholder, ai): +9.",Remote status is not verified. | Florida eligibility is unknown.
lever,315ac25b-58d0-4a95-b53e-62d6fd7fb9b8,Agile Defense,Unified Communications Specialist,https://jobs.lever.co/agile-defense/315ac25b-58d0-4a95-b53e-62d6fd7fb9b8,"Quantico, VA",remote,,,,33,verify,"Role-family alignment: +5. | Verified remote arrangement: +15. | Evidence-aligned keywords (operations, implementation, sop, ai): +13.",Role is not clearly full-time employment. | Florida eligibility is unknown. | Compensation is not published or verified.
lever,878f8c29-b287-488d-b6c0-e65e059f24b4,Arcadia,Customer Success Manager,https://jobs.lever.co/arcadia/878f8c29-b287-488d-b6c0-e65e059f24b4,Remote,remote,,,,33,verify,"Role-family alignment: +5. | Verified remote arrangement: +15. | Evidence-aligned keywords (operations, implementation, stakeholder, ai): +13.",Role is not clearly full-time employment. | Florida eligibility is unknown. | Compensation is not published or verified.
lever,b5aeaf70-8b75-4a4f-b7d6-387cb576fa48,Arbital Health,Events & Experiences Manager,https://jobs.lever.co/arbitalhealth/b5aeaf70-8b75-4a4f-b7d6-387cb576fa48,Remote,remote,,,,32,verify,"Role-family alignment: +5. | Verified remote arrangement: +15. | Evidence-aligned keywords (operations, project management, stakeholder, ai): +12.",Florida eligibility is unknown. | Compensation is not published or verified.
lever,529edd7b-5e37-4d8c-9b91-c48776764e70,Arcadia,Business Development Representative,https://jobs.lever.co/arcadia/529edd7b-5e37-4d8c-9b91-c48776764e70,"Boston, DC, Remote",remote,,,,32,verify,"Role-family alignment: +5. | Verified remote arrangement: +15. | Evidence-aligned keywords (operations, salesforce, automation, ai): +12.",Florida eligibility is unknown. | Compensation is not published or verified.
lever,33ccf13c-8a8a-4c09-9f4a-e3edc893e9f2,Arcadia,"Vice President of Sales, Payor",https://jobs.lever.co/arcadia/33ccf13c-8a8a-4c09-9f4a-e3edc893e9f2,Remote,remote,,,,32,verify,"Role-family alignment: +5. | Verified remote arrangement: +15. | Evidence-aligned keywords (operations, salesforce, stakeholder, ai): +12.",Role is not clearly full-time employment. | Florida eligibility is unknown. | Compensation is not published or verified.
lever,2a1c2b4e-0673-4118-9443-e2ccdb5f9ec1,Agile Defense,Enterprise Asset Manager (CBP),https://jobs.lever.co/agile-defense/2a1c2b4e-0673-4118-9443-e2ccdb5f9ec1,"Reston, VA",hybrid,,135000,160000,31,verify,"Role-family alignment: +5. | Published base floor is at least $110,000: +20. | Evidence-aligned keywords (operations, ai): +6.",Role is not clearly full-time employment. | Remote status is not verified. | Florida eligibility is unknown.
lever,aaa8d8ef-760e-4ee7-9d09-ad4bc49c5eb2,Agile Defense,Incident Response Team Lead (CBP),https://jobs.lever.co/agile-defense/aaa8d8ef-760e-4ee7-9d09-ad4bc49c5eb2,"Reston, VA",hybrid,,155000,180000,31,verify,"Role-family alignment: +5. | Published base floor is at least $110,000: +20. | Evidence-aligned keywords (operations, ai): +6.",Role is not clearly full-time employment. | Remote status is not verified. | Florida eligibility is unknown.
lever,08a0da53-4577-4851-97b0-e14fa029b45f,Agile Defense,Threat Hunt Lead (CBP),https://jobs.lever.co/agile-defense/08a0da53-4577-4851-97b0-e14fa029b45f,"Reston, VA",hybrid,,165000,200000,31,verify,"Role-family alignment: +5. | Published base floor is at least $110,000: +20. | Evidence-aligned keywords (operations, ai): +6.",Role is not clearly full-time employment. | Remote status is not verified. | Florida eligibility is unknown.
lever,b28494d8-0aa2-44aa-b443-ecc23b465ac5,Arcadia,"Director, Business Development - Life Sciences",https://jobs.lever.co/arcadia/b28494d8-0aa2-44aa-b443-ecc23b465ac5,Remote,remote,,,,31,verify,"Role-family alignment: +5. | Verified remote arrangement: +15. | Evidence-aligned keywords (crm, workflow, stakeholder, ai): +11.",Florida eligibility is unknown. | Compensation is not published or verified.
lever,ae7b1e71-b783-4677-9cfa-dcce51333dfa,Swiftly,Software Engineer - Full-stack,https://jobs.lever.co/goswift/ae7b1e71-b783-4677-9cfa-dcce51333dfa,United States,onsite,,130000,180000,31,verify,"Role-family alignment: +5. | Published base floor is at least $110,000: +20. | Evidence-aligned keywords (operations, ai): +6.",Remote status is not verified. | Florida eligibility is unknown.
lever,81df24b8-d3f6-463b-b273-cc0bc2e11383,Swiftly,Solutions Engineer,https://jobs.lever.co/goswift/81df24b8-d3f6-463b-b273-cc0bc2e11383,United States,onsite,,120000,155000,31,verify,"Role-family alignment: +5. | Published base floor is at least $110,000: +20. | Evidence-aligned keywords (operations, ai): +6.",Remote status is not verified. | Florida eligibility is unknown.
lever,439243a2-68e7-4b36-90c9-649ef7512550,Agile Defense,Network Installation Specialist - Journeyman,https://jobs.lever.co/agile-defense/439243a2-68e7-4b36-90c9-649ef7512550,Remote,remote,,,,30,verify,"Role-family alignment: +5. | Verified remote arrangement: +15. | Evidence-aligned keywords (implementation, program management, ai): +10.",Role is not clearly full-time employment. | Florida eligibility is unknown. | Compensation is not published or verified.
lever,f7b4a22c-6fe0-4fa6-9c87-d6399b87fb41,Agile Defense,Senior Hardware/Software Installation Technician,https://jobs.lever.co/agile-defense/f7b4a22c-6fe0-4fa6-9c87-d6399b87fb41,Remote,remote,,,,30,verify,"Role-family alignment: +5. | Verified remote arrangement: +15. | Evidence-aligned keywords (operations, program management, ai): +10.",Role is not clearly full-time employment. | Florida eligibility is unknown. | Compensation is not published or verified.
lever,3ab99c36-1431-4176-ac95-baa2e3f981eb,Agile Defense,Senior Hardware/Software Installation Technician (Survey Team Lead),https://jobs.lever.co/agile-defense/3ab99c36-1431-4176-ac95-baa2e3f981eb,Remote,remote,,,,30,verify,"Role-family alignment: +5. | Verified remote arrangement: +15. | Evidence-aligned keywords (operations, program management, ai): +10.",Role is not clearly full-time employment. | Florida eligibility is unknown. | Compensation is not published or verified.
lever,f4ed801b-9446-4d89-9640-31df00295f11,Rover,"Senior Counsel: Litigation, Regulatory Advocacy & Policy",https://jobs.lever.co/rover/f4ed801b-9446-4d89-9640-31df00295f11,Seattle,hybrid,,182290,242446,30,verify,"Role-family alignment: +5. | Published base floor is at least $110,000: +20. | Evidence-aligned keywords (stakeholder, ai): +5.",Remote status is not verified. | Florida eligibility is unknown.
lever,4b71c660-6bb4-4efd-8d49-8842d787664c,Agile Defense,Deputy Program Manager,https://jobs.lever.co/agile-defense/4b71c660-6bb4-4efd-8d49-8842d787664c,"Ashburn, VA",hybrid,,,,29,verify,"Role-family alignment: +16. | Evidence-aligned keywords (operations, program management, workflow, ai): +13.",Role is not clearly full-time employment. | Remote status is not verified. | Florida eligibility is unknown. | Compensation is not published or verified.
lever,d59fe069-2a9c-4c2b-b292-9d710f73f70a,Agile Defense,Helpdesk Support Specialist I,https://jobs.lever.co/agile-defense/d59fe069-2a9c-4c2b-b292-9d710f73f70a,"Huntsville, AL",remote,,,,29,verify,"Role-family alignment: +5. | Verified remote arrangement: +15. | Evidence-aligned keywords (operations, project management, ai): +9.",Role is not clearly full-time employment. | Florida eligibility is unknown. | Compensation is not published or verified.
lever,3effb9ac-ff91-495c-ac70-2bf0de1cf8d9,Agile Defense,Senior Video Producer,https://jobs.lever.co/agile-defense/3effb9ac-ff91-495c-ac70-2bf0de1cf8d9,"Washington, D.C.",remote,,,,29,verify,"Role-family alignment: +5. | Verified remote arrangement: +15. | Evidence-aligned keywords (operations, stakeholder, ai): +9.",Role is not clearly full-time employment. | Florida eligibility is unknown. | Compensation is not published or verified.
lever,d3795a5a-3153-49da-8b81-721138b56a14,Agile Defense,Software Engineer (Mid & Senior),https://jobs.lever.co/agile-defense/d3795a5a-3153-49da-8b81-721138b56a14,Remote,remote,,,,29,verify,"Role-family alignment: +5. | Verified remote arrangement: +15. | Evidence-aligned keywords (operations, stakeholder, ai): +9.",Role is not clearly full-time employment. | Florida eligibility is unknown. | Compensation is not published or verified.
lever,68ed22c9-afeb-41ba-af11-64a28297d041,Arbital Health,"Vice President, Payer Sales",https://jobs.lever.co/arbitalhealth/68ed22c9-afeb-41ba-af11-64a28297d041,Remote,remote,,,,29,verify,"Role-family alignment: +5. | Verified remote arrangement: +15. | Evidence-aligned keywords (implementation, stakeholder, ai): +9.",Florida eligibility is unknown. | Compensation is not published or verified.
lever,25c82f96-3798-453f-9b73-f3877600d2ee,Rover,Senior Technical Program Manager - Partnerships and Integrations,https://jobs.lever.co/rover/25c82f96-3798-453f-9b73-f3877600d2ee,Barcelona,hybrid,,,,29,verify,"Role-family alignment: +16. | Evidence-aligned keywords (implementation, program management, workflow, ai): +13.",Remote status is not verified. | Florida eligibility is unknown. | Compensation is not published or verified.
lever,fe7f0553-d3ab-4f20-a81e-e95e8e8c571a,Rover,"Tax Accountant II, Income Tax",https://jobs.lever.co/rover/fe7f0553-d3ab-4f20-a81e-e95e8e8c571a,Seattle,hybrid,,91485,117902,29,verify,"Role-family alignment: +5. | Published base floor clears $90,000: +16. | Evidence-aligned keywords (workflow, automation, ai): +8.",Remote status is not verified. | Florida eligibility is unknown.
lever,ce477d8b-7fd1-4790-bada-4365aaad91bf,Agile Defense,Data Engineer,https://jobs.lever.co/agile-defense/ce477d8b-7fd1-4790-bada-4365aaad91bf,"Camp Smith, HI",remote,,,,28,verify,"Role-family alignment: +5. | Verified remote arrangement: +15. | Evidence-aligned keywords (workflow, stakeholder, ai): +8.",Role is not clearly full-time employment. | Florida eligibility is unknown. | Compensation is not published or verified.
lever,ac98c83d-6fed-423f-934f-044deeae71e6,Agile Defense,"IT Project Lead, SME",https://jobs.lever.co/agile-defense/ac98c83d-6fed-423f-934f-044deeae71e6,"Washington, D.C.",onsite,,,,28,verify,"Role-family alignment: +5. | Evidence-aligned keywords (operations, process improvement, program management, automation, stakeholder, sop): +23.",Role is not clearly full-time employment. | Remote status is not verified. | Florida eligibility is unknown. | Compensation is not published or verified.
lever,294c9881-e0ca-4dea-970a-5c58160e33ff,Agile Defense,Senior Defense Capture Manager (Air Force),https://jobs.lever.co/agile-defense/294c9881-e0ca-4dea-970a-5c58160e33ff,"McLean, VA",remote,,,,28,verify,"Role-family alignment: +5. | Verified remote arrangement: +15. | Evidence-aligned keywords (crm, salesforce, ai): +8.",Role is not clearly full-time employment. | Florida eligibility is unknown. | Compensation is not published or verified.
lever,648530fa-0a30-4281-b434-2772e29bcdaf,Agile Defense,Senior Defense Capture Manager (Army),https://jobs.lever.co/agile-defense/648530fa-0a30-4281-b434-2772e29bcdaf,"McLean, VA",remote,,,,28,verify,"Role-family alignment: +5. | Verified remote arrangement: +15. | Evidence-aligned keywords (crm, salesforce, ai): +8.",Role is not clearly full-time employment. | Florida eligibility is unknown. | Compensation is not published or verified.
lever,eb5c4a3a-5edb-4113-ad49-b1870966831d,Agile Defense,Technical Direction Letter Manager,https://jobs.lever.co/agile-defense/eb5c4a3a-5edb-4113-ad49-b1870966831d,Remote,remote,,,,28,verify,"Role-family alignment: +5. | Verified remote arrangement: +15. | Evidence-aligned keywords (workflow, stakeholder, ai): +8.",Role is not clearly full-time employment. | Florida eligibility is unknown. | Compensation is not published or verified.
lever,2bf520a7-505a-425b-942d-1d6182a08d6b,Rover,Senior Application Admin - Zendesk,https://jobs.lever.co/rover/2bf520a7-505a-425b-942d-1d6182a08d6b,Spain,onsite,,,,28,verify,"Role-family alignment: +5. | Evidence-aligned keywords (operations, process improvement, implementation, project management, crm, stakeholder): +23.",Remote status is not verified. | Florida eligibility is unknown. | Compensation is not published or verified.
lever,3070b93e-ef1c-4ab3-9a89-c2d977719a42,Rover,Senior Application Analyst - Zendesk,https://jobs.lever.co/rover/3070b93e-ef1c-4ab3-9a89-c2d977719a42,Spain,onsite,,,,28,verify,"Role-family alignment: +5. | Evidence-aligned keywords (operations, process improvement, implementation, project management, crm, stakeholder): +23.",Remote status is not verified. | Florida eligibility is unknown. | Compensation is not published or verified.
lever,fda6e912-02c1-4bd8-9fde-6df2905be5b5,Rover,Social Media Specialist (Trust and Safety),https://jobs.lever.co/rover/fda6e912-02c1-4bd8-9fde-6df2905be5b5,Remote,remote,,,,28,verify,"Role-family alignment: +5. | Verified remote arrangement: +15. | Evidence-aligned keywords (crm, workflow, ai): +8.",Florida eligibility is unknown. | Compensation is not published or verified.
lever,ff7ab5d9-ae09-4870-a82a-72d230c612c3,Agile Defense,"Network Engineers, Senior Engineers & Architects (CBP)",https://jobs.lever.co/agile-defense/ff7ab5d9-ae09-4870-a82a-72d230c612c3,"Ashburn, VA",hybrid,,90000,150000,27,verify,"Role-family alignment: +5. | Published base floor clears $90,000: +16. | Evidence-aligned keywords (operations, ai): +6.",Role is not clearly full-time employment. | Remote status is not verified. | Florida eligibility is unknown.
lever,ee728133-390f-470d-bad0-a5860091d487,Rover,"Senior Director, HRBPs and Employee Experience",https://jobs.lever.co/rover/ee728133-390f-470d-bad0-a5860091d487,Seattle,onsite,,180483,243652,27,verify,"Role-family alignment: +5. | Published base floor is at least $110,000: +20. | Evidence-aligned keywords (ai): +2.",Remote status is not verified. | Florida eligibility is unknown.
lever,82554071-b04b-4a2b-9f29-e455b8f6ec52,Agile Defense,IT Customer Service Technician,https://jobs.lever.co/agile-defense/82554071-b04b-4a2b-9f29-e455b8f6ec52,"Redstone Arsenal, AL",remote,,,,26,verify,"Role-family alignment: +5. | Verified remote arrangement: +15. | Evidence-aligned keywords (operations, ai): +6.",Role is not clearly full-time employment. | Florida eligibility is unknown. | Compensation is not published or verified.
lever,b9e713c9-901d-4add-8fb2-63f956e9a570,Agile Defense,IT Customer Service Technician,https://jobs.lever.co/agile-defense/b9e713c9-901d-4add-8fb2-63f956e9a570,"Detroit Arsenal, MI",remote,,,,26,verify,"Role-family alignment: +5. | Verified remote arrangement: +15. | Evidence-aligned keywords (operations, ai): +6.",Role is not clearly full-time employment. | Florida eligibility is unknown. | Compensation is not published or verified.
lever,d9cc70f9-8c00-42a6-8053-7d5db72bd655,Agile Defense,IT Customer Service Technician,https://jobs.lever.co/agile-defense/d9cc70f9-8c00-42a6-8053-7d5db72bd655,"Redstone Arsenal, AL",remote,,,,26,verify,"Role-family alignment: +5. | Verified remote arrangement: +15. | Evidence-aligned keywords (operations, ai): +6.",Role is not clearly full-time employment. | Florida eligibility is unknown. | Compensation is not published or verified.
lever,d03b0223-99a4-4937-b508-6e71fffc118f,Agile Defense,"Mobility Analysts, Mobility Engineers, VTC Analysts & Senior VTC Engineers (CBP)",https://jobs.lever.co/agile-defense/d03b0223-99a4-4937-b508-6e71fffc118f,"Ashburn, VA",remote,,,,26,verify,"Role-family alignment: +5. | Verified remote arrangement: +15. | Evidence-aligned keywords (operations, ai): +6.",Role is not clearly full-time employment. | Florida eligibility is unknown. | Compensation is not published or verified.
lever,7a592c84-6306-4ee6-b24b-cdf44361e9cd,Arbital Health,AI Engineer,https://jobs.lever.co/arbitalhealth/7a592c84-6306-4ee6-b24b-cdf44361e9cd,San Francisco OR Remote,hybrid,,,,26,verify,"Role-family alignment: +5. | Remote indicated in location: +10; eligibility still requires verification. | Evidence-aligned keywords (workflow, automation, stakeholder, ai): +11.",Florida eligibility is unknown. | Compensation is not published or verified.
lever,a81ab324-969a-44f1-89b4-e7ff7487a735,Rover,"Software Engineer, Price Experience",https://jobs.lever.co/rover/a81ab324-969a-44f1-89b4-e7ff7487a735,Seattle,hybrid,,108694,136046,26,verify,"Role-family alignment: +5. | Published base floor clears $90,000: +16. | Evidence-aligned keywords (workflow, ai): +5.",Remote status is not verified. | Florida eligibility is unknown.
lever,764b77ec-f006-4043-a099-edfdd0fb6bfd,Swiftly,Careers at Swiftly: Open Application,https://jobs.lever.co/goswift/764b77ec-f006-4043-a099-edfdd0fb6bfd,San Francisco,remote,,,,26,verify,"Role-family alignment: +5. | Verified remote arrangement: +15. | Evidence-aligned keywords (operations, ai): +6.",Florida eligibility is unknown. | Compensation is not published or verified.
lever,10edd8dc-7bb2-4005-8e10-917713c101ba,Agile Defense,SharePoint Developer II,https://jobs.lever.co/agile-defense/10edd8dc-7bb2-4005-8e10-917713c101ba,Remote,remote,,,,25,verify,"Role-family alignment: +5. | Verified remote arrangement: +15. | Evidence-aligned keywords (workflow, ai): +5.",Role is not clearly full-time employment. | Florida eligibility is unknown. | Compensation is not published or verified.
lever,59633d9a-97fa-45e7-b652-252bed0b9b70,Arbital Health,"Actuary/Senior Actuary, Consulting Practice",https://jobs.lever.co/arbitalhealth/59633d9a-97fa-45e7-b652-252bed0b9b70,Remote,remote,,,,25,verify,"Role-family alignment: +5. | Verified remote arrangement: +15. | Evidence-aligned keywords (stakeholder, ai): +5.",Florida eligibility is unknown. | Compensation is not published or verified.
lever,609c9994-ccdc-4a2e-b34d-c25cfdccb0c6,Arbital Health,Full Stack Engineer,https://jobs.lever.co/arbitalhealth/609c9994-ccdc-4a2e-b34d-c25cfdccb0c6,San Francisco OR Remote,remote,,,,25,verify,"Role-family alignment: +5. | Verified remote arrangement: +15. | Evidence-aligned keywords (stakeholder, ai): +5.",Florida eligibility is unknown. | Compensation is not published or verified.
lever,01657eb1-f6ac-4f4d-870a-8b840dd6f0a5,Vida Health,Member Services Agent I,https://jobs.lever.co/vida/01657eb1-f6ac-4f4d-870a-8b840dd6f0a5,United States,remote,,,,25,verify,"Role-family alignment: +5. | Verified remote arrangement: +15. | Evidence-aligned keywords (crm, ai): +5.",Role is not clearly full-time employment. | Florida eligibility is unknown. | Compensation is not published or verified.
lever,37c0e7a1-cc55-4f74-8937-56805fafcdcb,Agile Defense,Graphic Artist,https://jobs.lever.co/agile-defense/37c0e7a1-cc55-4f74-8937-56805fafcdcb,Remote,remote,,,,22,verify,Role-family alignment: +5. | Verified remote arrangement: +15. | Evidence-aligned keywords (ai): +2.,Role is not clearly full-time employment. | Florida eligibility is unknown. | Compensation is not published or verified.
lever,c75371eb-f9a0-4b99-bbae-18e42381445a,Agile Defense,Linux Systems Engineer,https://jobs.lever.co/agile-defense/c75371eb-f9a0-4b99-bbae-18e42381445a,"Oahu, HI",hybrid,,,,22,verify,"Role-family alignment: +5. | Evidence-aligned keywords (operations, process improvement, implementation, automation, ai): +17.",Role is not clearly full-time employment. | Remote status is not verified. | Florida eligibility is unknown. | Compensation is not published or verified.
lever,fa3b2c6b-44be-4f70-b9ec-ba9cfa51193f,Agile Defense,"Program Managers, Deputy Program Managers, Senior Project Managers & Project Managers (CBP)",https://jobs.lever.co/agile-defense/fa3b2c6b-44be-4f70-b9ec-ba9cfa51193f,"Reston, VA",hybrid,,,,22,verify,"Role-family alignment: +16. | Evidence-aligned keywords (operations, ai): +6.",Remote status is not verified. | Florida eligibility is unknown. | Compensation is not published or verified.
lever,d5c2668f-79c8-4c1d-8c09-ed7e115653c1,Agile Defense,SharePoint Administrator III,https://jobs.lever.co/agile-defense/d5c2668f-79c8-4c1d-8c09-ed7e115653c1,Remote,remote,,,,22,verify,Role-family alignment: +5. | Verified remote arrangement: +15. | Evidence-aligned keywords (ai): +2.,Role is not clearly full-time employment. | Florida eligibility is unknown. | Compensation is not published or verified.
lever,dcc99259-da66-4a03-92a8-39ba191cd9bc,Vida Health,Health Coach,https://jobs.lever.co/vida/dcc99259-da66-4a03-92a8-39ba191cd9bc,United States,remote,,,,22,verify,Role-family alignment: +5. | Verified remote arrangement: +15. | Evidence-aligned keywords (ai): +2.,Role is not clearly full-time employment. | Florida eligibility is unknown. | Compensation is not published or verified.
lever,6775346c-08ba-4eae-b43e-d5da8788c2a4,Vida Health,Nurse Practitioner,https://jobs.lever.co/vida/6775346c-08ba-4eae-b43e-d5da8788c2a4,United States,remote,,,,22,verify,Role-family alignment: +5. | Verified remote arrangement: +15. | Evidence-aligned keywords (ai): +2.,Role is not clearly full-time employment. | Florida eligibility is unknown. | Compensation is not published or verified.
lever,c04c3a7c-3a21-4d07-8110-6799220344fa,Vida Health,Registered Dietitian,https://jobs.lever.co/vida/c04c3a7c-3a21-4d07-8110-6799220344fa,United States,remote,,,,22,verify,Role-family alignment: +5. | Verified remote arrangement: +15. | Evidence-aligned keywords (ai): +2.,Role is not clearly full-time employment. | Florida eligibility is unknown. | Compensation is not published or verified.
lever,7c8d06d3-7c41-46a4-8c3d-d9c59e7a8c9f,Vida Health,Staff Physician (MD/DO)- 100% Remote,https://jobs.lever.co/vida/7c8d06d3-7c41-46a4-8c3d-d9c59e7a8c9f,United States,remote,,,,22,verify,Role-family alignment: +5. | Verified remote arrangement: +15. | Evidence-aligned keywords (ai): +2.,Role is not clearly full-time employment. | Florida eligibility is unknown. | Compensation is not published or verified.
lever,efd8c148-801f-48cd-b44a-1856ff7b8870,Agile Defense,Networks Plans & Programs Level 2,https://jobs.lever.co/agile-defense/efd8c148-801f-48cd-b44a-1856ff7b8870,"Shaw AFB, SC",onsite,,,,21,verify,"Role-family alignment: +5. | Evidence-aligned keywords (operations, process improvement, project management, workflow, ai): +16.",Role is not clearly full-time employment. | Remote status is not verified. | Florida eligibility is unknown. | Compensation is not published or verified.
lever,8f196201-7696-436c-924c-798b5c91f7ed,Agile Defense,Platform DevOps Engineer,https://jobs.lever.co/agile-defense/8f196201-7696-436c-924c-798b5c91f7ed,"Arlington, VA",onsite,,,,21,verify,"Role-family alignment: +5. | Evidence-aligned keywords (operations, implementation, automation, stakeholder, ai): +16.",Role is not clearly full-time employment. | Remote status is not verified. | Florida eligibility is unknown. | Compensation is not published or verified.
lever,e0b58e19-4582-4a0f-8820-b9f21bb37a89,Agile Defense,Security Engineer,https://jobs.lever.co/agile-defense/e0b58e19-4582-4a0f-8820-b9f21bb37a89,"Springfield, VA",onsite,,,,21,verify,"Role-family alignment: +5. | Evidence-aligned keywords (operations, implementation, automation, sop, ai): +16.",Role is not clearly full-time employment. | Remote status is not verified. | Florida eligibility is unknown. | Compensation is not published or verified.
lever,2badfa4c-a2fa-46b5-940c-e86b7d0f0b31,Agile Defense,System Administrator (Intermediate),https://jobs.lever.co/agile-defense/2badfa4c-a2fa-46b5-940c-e86b7d0f0b31,"Redstone Arsenal, AL",onsite,,,,21,verify,"Role-family alignment: +5. | Evidence-aligned keywords (operations, implementation, automation, sop, ai): +16.",Role is not clearly full-time employment. | Remote status is not verified. | Florida eligibility is unknown. | Compensation is not published or verified.
lever,f6784a41-cf0d-4dde-81f8-e172eefb01b0,BAMKO,Logistics Coordinator,https://jobs.lever.co/bamko/f6784a41-cf0d-4dde-81f8-e172eefb01b0,Remote,remote,,,,20,verify,Role-family alignment: +5. | Verified remote arrangement: +15.,Florida eligibility is unknown. | Compensation is not published or verified.
lever,e48f4449-289b-4c33-9261-29999078522c,Agile Defense,ACAS Administrator - Mid Level,https://jobs.lever.co/agile-defense/e48f4449-289b-4c33-9261-29999078522c,"Quantico, VA",onsite,,,,18,verify,"Role-family alignment: +5. | Evidence-aligned keywords (operations, implementation, sop, ai): +13.",Role is not clearly full-time employment. | Remote status is not verified. | Florida eligibility is unknown. | Compensation is not published or verified.
lever,92affb7f-0bd7-4c96-a9b7-7fdd1bffa8ae,Agile Defense,ACAS Administrator - Senior Level,https://jobs.lever.co/agile-defense/92affb7f-0bd7-4c96-a9b7-7fdd1bffa8ae,"Quantico, VA",onsite,,,,18,verify,"Role-family alignment: +5. | Evidence-aligned keywords (operations, implementation, sop, ai): +13.",Role is not clearly full-time employment. | Remote status is not verified. | Florida eligibility is unknown. | Compensation is not published or verified.
lever,ae305bc6-4d94-4e35-83cb-c6cb3eea211d,Agile Defense,Penetration Tester III,https://jobs.lever.co/agile-defense/ae305bc6-4d94-4e35-83cb-c6cb3eea211d,"Springfield, VA",hybrid,,,,18,verify,"Role-family alignment: +5. | Evidence-aligned keywords (operations, implementation, workflow, ai): +13.",Role is not clearly full-time employment. | Remote status is not verified. | Florida eligibility is unknown. | Compensation is not published or verified.
lever,b1b77af0-af49-417c-8ca8-a8b6ba2339be,Agile Defense,Data Operations Technical Lead,https://jobs.lever.co/agile-defense/b1b77af0-af49-417c-8ca8-a8b6ba2339be,"Tampa, FL",onsite,,,,17,verify,"Role-family alignment: +5. | Evidence-aligned keywords (operations, workflow, stakeholder, ai): +12.",Role is not clearly full-time employment. | Remote status is not verified. | Florida eligibility is unknown. | Compensation is not published or verified.
lever,aaba6e20-a78d-4164-9941-6fbeedca8d3e,Agile Defense,Data Science & Analytics Technical Lead,https://jobs.lever.co/agile-defense/aaba6e20-a78d-4164-9941-6fbeedca8d3e,"Tampa, FL",onsite,,,,17,verify,"Role-family alignment: +5. | Evidence-aligned keywords (operations, workflow, stakeholder, ai): +12.",Role is not clearly full-time employment. | Remote status is not verified. | Florida eligibility is unknown. | Compensation is not published or verified.
lever,bb23e7f5-8e40-4b72-bf2c-d0f51cff71a4,Agile Defense,Senior Acquisition SME — Mission Modernization,https://jobs.lever.co/agile-defense/bb23e7f5-8e40-4b72-bf2c-d0f51cff71a4,"Arlington, VA",onsite,,,,17,verify,"Role-family alignment: +5. | Evidence-aligned keywords (program management, workflow, stakeholder, ai): +12.",Role is not clearly full-time employment. | Remote status is not verified. | Florida eligibility is unknown. | Compensation is not published or verified.
lever,fa51c167-591b-4b68-b9b1-2b27a0d76930,Agile Defense,Senior Technical Lead — Mission Engineering,https://jobs.lever.co/agile-defense/fa51c167-591b-4b68-b9b1-2b27a0d76930,"Arlington, VA",onsite,,,,17,verify,"Role-family alignment: +5. | Evidence-aligned keywords (implementation, workflow, stakeholder, ai): +12.",Role is not clearly full-time employment. | Remote status is not verified. | Florida eligibility is unknown. | Compensation is not published or verified.
lever,0e175286-84b7-4221-86dd-78e24db15943,Rover,Director of Analytics,https://jobs.lever.co/rover/0e175286-84b7-4221-86dd-78e24db15943,Barcelona,hybrid,,,,17,verify,"Role-family alignment: +5. | Evidence-aligned keywords (operations, workflow, stakeholder, ai): +12.",Remote status is not verified. | Florida eligibility is unknown. | Compensation is not published or verified.
lever,bf6aa5e2-d5ad-4e10-8257-1990ca2533c2,Rover,Senior Product Designer,https://jobs.lever.co/rover/bf6aa5e2-d5ad-4e10-8257-1990ca2533c2,Barcelona,hybrid,,,,17,verify,"Role-family alignment: +5. | Evidence-aligned keywords (implementation, stakeholder, sop, ai): +12.",Remote status is not verified. | Florida eligibility is unknown. | Compensation is not published or verified.
lever,4be50ec7-1224-4f05-9a53-92f015875f8d,Rover,Senior Product Designer Price Experience,https://jobs.lever.co/rover/4be50ec7-1224-4f05-9a53-92f015875f8d,Seattle,hybrid,,,,17,verify,"Role-family alignment: +5. | Evidence-aligned keywords (implementation, stakeholder, sop, ai): +12.",Remote status is not verified. | Florida eligibility is unknown. | Compensation is not published or verified.
lever,77caf33f-dbd4-4a60-aec3-39bb91552d20,Agile Defense,Product Manager,https://jobs.lever.co/agile-defense/77caf33f-dbd4-4a60-aec3-39bb91552d20,"Washington, D.C.",onsite,,,,16,verify,"Role-family alignment: +5. | Evidence-aligned keywords (workflow, automation, stakeholder, ai): +11.",Role is not clearly full-time employment. | Remote status is not verified. | Florida eligibility is unknown. | Compensation is not published or verified.
lever,02f12f68-3dfb-45cc-95ff-0a2f35735716,Arbital Health,QA Automation Engineer,https://jobs.lever.co/arbitalhealth/02f12f68-3dfb-45cc-95ff-0a2f35735716,"San Francisco, California",onsite,,,,16,verify,"Role-family alignment: +5. | Evidence-aligned keywords (automation, stakeholder, sop, ai): +11.",Remote status is not verified. | Florida eligibility is unknown. | Compensation is not published or verified.
lever,5e3a3dee-ff68-4bd2-8ce6-c40f1fda7cd3,Rover,Privacy Systems Analyst,https://jobs.lever.co/rover/5e3a3dee-ff68-4bd2-8ce6-c40f1fda7cd3,Barcelona,hybrid,,,,16,verify,"Role-family alignment: +5. | Evidence-aligned keywords (workflow, automation, stakeholder, ai): +11.",Remote status is not verified. | Florida eligibility is unknown. | Compensation is not published or verified.
lever,f47f1eb0-0307-4485-8ad1-043987ed129c,Vida Health,Senior Backend Software Engineer IV,https://jobs.lever.co/vida/f47f1eb0-0307-4485-8ad1-043987ed129c,United States,hybrid,,,,16,verify,"Role-family alignment: +5. | Evidence-aligned keywords (workflow, automation, stakeholder, ai): +11.",Role is not clearly full-time employment. | Remote status is not verified. | Florida eligibility is unknown. | Compensation is not published or verified.
lever,dc3a96be-55df-47ca-bc70-1401e31ead3c,Agile Defense,Intelligence Analyst (National Security Mission Support),https://jobs.lever.co/agile-defense/dc3a96be-55df-47ca-bc70-1401e31ead3c,"Vienna, VA",onsite,,,,15,verify,"Role-family alignment: +5. | Evidence-aligned keywords (operations, program management, ai): +10.",Role is not clearly full-time employment. | Remote status is not verified. | Florida eligibility is unknown. | Compensation is not published or verified.
lever,cf32d103-ff06-4b77-9f71-0fa881852afb,Agile Defense,Intelligence Analyst SME (National Security Mission Support),https://jobs.lever.co/agile-defense/cf32d103-ff06-4b77-9f71-0fa881852afb,"Vienna, VA",onsite,,,,15,verify,"Role-family alignment: +5. | Evidence-aligned keywords (operations, program management, ai): +10.",Role is not clearly full-time employment. | Remote status is not verified. | Florida eligibility is unknown. | Compensation is not published or verified.
lever,966ffd4d-e8a6-4775-840e-8e263b4a4921,Agile Defense,Tactical Data link (TDL) Test & Evaluation Analyst - Intermediate,https://jobs.lever.co/agile-defense/966ffd4d-e8a6-4775-840e-8e263b4a4921,"Fort Huachuca, AZ",onsite,,,,15,verify,"Role-family alignment: +5. | Evidence-aligned keywords (operations, implementation, ai): +10.",Role is not clearly full-time employment. | Remote status is not verified. | Florida eligibility is unknown. | Compensation is not published or verified.
lever,7d326d62-608e-4207-9ce0-160022854fb6,Agile Defense,Tactical Data link (TDL) Test & Evaluation Analyst - Senior,https://jobs.lever.co/agile-defense/7d326d62-608e-4207-9ce0-160022854fb6,"Fort Huachuca, AZ",onsite,,,,15,verify,"Role-family alignment: +5. | Evidence-aligned keywords (operations, implementation, ai): +10.",Role is not clearly full-time employment. | Remote status is not verified. | Florida eligibility is unknown. | Compensation is not published or verified.
lever,fc68a2de-a20f-4e19-9fbc-285c751ccbbf,Agile Defense,Advanced Battle Management System (ABMS) Test & Evaluation Analyst - Senior,https://jobs.lever.co/agile-defense/fc68a2de-a20f-4e19-9fbc-285c751ccbbf,"Fort Huachuca, AZ",onsite,,,,14,verify,"Role-family alignment: +5. | Evidence-aligned keywords (operations, stakeholder, ai): +9.",Role is not clearly full-time employment. | Remote status is not verified. | Florida eligibility is unknown. | Compensation is not published or verified.
lever,4e7202a0-c01d-4d73-a699-09e42a05cfbf,Agile Defense,"Cloud Engineers, Senior Engineers, Architects & Automation Specialists (CBP)",https://jobs.lever.co/agile-defense/4e7202a0-c01d-4d73-a699-09e42a05cfbf,"Reston, VA",hybrid,,,,14,verify,"Role-family alignment: +5. | Evidence-aligned keywords (operations, automation, ai): +9.",Role is not clearly full-time employment. | Remote status is not verified. | Florida eligibility is unknown. | Compensation is not published or verified.
lever,b6a15314-be97-4737-92d4-96d3ea8254be,Agile Defense,Configuration Management Specialist,https://jobs.lever.co/agile-defense/b6a15314-be97-4737-92d4-96d3ea8254be,"Quantico, VA",onsite,,,,14,verify,"Role-family alignment: +5. | Evidence-aligned keywords (operations, stakeholder, ai): +9.",Role is not clearly full-time employment. | Remote status is not verified. | Florida eligibility is unknown. | Compensation is not published or verified.
lever,e7a9c57d-3dbd-40f0-8274-9af10332ed28,Agile Defense,Customer Support Technician,https://jobs.lever.co/agile-defense/e7a9c57d-3dbd-40f0-8274-9af10332ed28,"Colorado Springs, CO",onsite,,,,14,verify,"Role-family alignment: +5. | Evidence-aligned keywords (operations, sop, ai): +9.",Role is not clearly full-time employment. | Remote status is not verified. | Florida eligibility is unknown. | Compensation is not published or verified.
lever,98189ef7-8c90-4ccd-b92e-7052b724a773,Agile Defense,Full Stack Engineer / Software Developer (CBP),https://jobs.lever.co/agile-defense/98189ef7-8c90-4ccd-b92e-7052b724a773,"Ashburn, VA",hybrid,,,,14,verify,"Role-family alignment: +5. | Evidence-aligned keywords (operations, automation, ai): +9.",Role is not clearly full-time employment. | Remote status is not verified. | Florida eligibility is unknown. | Compensation is not published or verified.
lever,41f2c485-1086-4172-931a-d8fda7fe53de,Agile Defense,Information Systems Security Engineer - SME,https://jobs.lever.co/agile-defense/41f2c485-1086-4172-931a-d8fda7fe53de,"Washington, D.C.",onsite,,,,14,verify,"Role-family alignment: +5. | Evidence-aligned keywords (implementation, stakeholder, ai): +9.",Role is not clearly full-time employment. | Remote status is not verified. | Florida eligibility is unknown. | Compensation is not published or verified.
lever,4b549d4a-2c80-40c3-b4d8-2baa2a359c8a,Agile Defense,ISSO/Information Assurance Security Specialist,https://jobs.lever.co/agile-defense/4b549d4a-2c80-40c3-b4d8-2baa2a359c8a,"Quantico, VA",onsite,,,,14,verify,"Role-family alignment: +5. | Evidence-aligned keywords (implementation, automation, ai): +9.",Role is not clearly full-time employment. | Remote status is not verified. | Florida eligibility is unknown. | Compensation is not published or verified.
lever,83a51c9b-1ace-4e39-9583-731f706c7e2e,Agile Defense,Product Owner - CDAO,https://jobs.lever.co/agile-defense/83a51c9b-1ace-4e39-9583-731f706c7e2e,"Washington, D.C.",onsite,,,,14,verify,"Role-family alignment: +5. | Evidence-aligned keywords (operations, stakeholder, ai): +9.",Role is not clearly full-time employment. | Remote status is not verified. | Florida eligibility is unknown. | Compensation is not published or verified.
lever,c7ce7e99-5070-433c-8b53-5ffab6ae82b5,Agile Defense,"Software Engineering Lead (Java, OpenFGA)",https://jobs.lever.co/agile-defense/c7ce7e99-5070-433c-8b53-5ffab6ae82b5,"Rosslyn, VA",hybrid,,,,14,verify,"Role-family alignment: +5. | Evidence-aligned keywords (implementation, stakeholder, ai): +9.",Role is not clearly full-time employment. | Remote status is not verified. | Florida eligibility is unknown. | Compensation is not published or verified.
lever,f674a127-fec6-45ec-8e9c-f4616fc89b7a,Agile Defense,Web Developer – Intermediate,https://jobs.lever.co/agile-defense/f674a127-fec6-45ec-8e9c-f4616fc89b7a,"Fort Huachuca, AZ",onsite,,,,14,verify,"Role-family alignment: +5. | Evidence-aligned keywords (implementation, workflow, ai): +9.",Role is not clearly full-time employment. | Remote status is not verified. | Florida eligibility is unknown. | Compensation is not published or verified.
lever,36970285-a58f-4b4f-8916-97a562b4634e,Rover,Database Reliability Engineer,https://jobs.lever.co/rover/36970285-a58f-4b4f-8916-97a562b4634e,Barcelona,hybrid,,,,14,verify,"Role-family alignment: +5. | Evidence-aligned keywords (operations, automation, ai): +9.",Remote status is not verified. | Florida eligibility is unknown. | Compensation is not published or verified.
lever,e110871c-cc69-48df-afb6-173b1b9aa36a,Rover,Finance Manager,https://jobs.lever.co/rover/e110871c-cc69-48df-afb6-173b1b9aa36a,Barcelona,onsite,,,,14,verify,"Role-family alignment: +5. | Evidence-aligned keywords (process improvement, stakeholder, ai): +9.",Remote status is not verified. | Florida eligibility is unknown. | Compensation is not published or verified.
lever,966abd0e-14d3-42ba-93e8-fe24fd4c8938,Rover,Senior Data Analyst - Operations Analytics,https://jobs.lever.co/rover/966abd0e-14d3-42ba-93e8-fe24fd4c8938,Barcelona,hybrid,,,,14,verify,"Role-family alignment: +5. | Evidence-aligned keywords (operations, stakeholder, ai): +9.",Remote status is not verified. | Florida eligibility is unknown. | Compensation is not published or verified.
lever,7b645600-5d9f-4bda-9bc2-fb770d0e86dc,Rover,Senior Product Engineer,https://jobs.lever.co/rover/7b645600-5d9f-4bda-9bc2-fb770d0e86dc,Barcelona,hybrid,,,,14,verify,"Role-family alignment: +5. | Evidence-aligned keywords (operations, workflow, ai): +9.",Remote status is not verified. | Florida eligibility is unknown. | Compensation is not published or verified.
lever,db5e968c-95b3-4514-8275-827cad3429d2,Rover,Software Engineer - Backend Platform,https://jobs.lever.co/rover/db5e968c-95b3-4514-8275-827cad3429d2,Barcelona,hybrid,,,,14,verify,"Role-family alignment: +5. | Evidence-aligned keywords (operations, automation, ai): +9.",Remote status is not verified. | Florida eligibility is unknown. | Compensation is not published or verified.
lever,83c229cb-65aa-4eee-956c-98029d160a3a,Swiftly,Senior Platform Engineer,https://jobs.lever.co/goswift/83c229cb-65aa-4eee-956c-98029d160a3a,Spain,onsite,,,,14,verify,"Role-family alignment: +5. | Evidence-aligned keywords (operations, stakeholder, ai): +9.",Remote status is not verified. | Florida eligibility is unknown. | Compensation is not published or verified.
lever,45d8560d-1321-4603-a2fc-db27f1bd3425,Agile Defense,Data Engineer - CDAO,https://jobs.lever.co/agile-defense/45d8560d-1321-4603-a2fc-db27f1bd3425,"Washington, D.C.",hybrid,,,,13,verify,"Role-family alignment: +5. | Evidence-aligned keywords (workflow, stakeholder, ai): +8.",Role is not clearly full-time employment. | Remote status is not verified. | Florida eligibility is unknown. | Compensation is not published or verified.
lever,90c41f82-9287-4ea8-821b-01b17c9a7b29,Agile Defense,Data Engineer - Joint Staff,https://jobs.lever.co/agile-defense/90c41f82-9287-4ea8-821b-01b17c9a7b29,"Washington, D.C.",hybrid,,,,13,verify,"Role-family alignment: +5. | Evidence-aligned keywords (workflow, stakeholder, ai): +8.",Role is not clearly full-time employment. | Remote status is not verified. | Florida eligibility is unknown. | Compensation is not published or verified.
lever,ae32370b-ab29-4857-8de8-c3b2bf745a36,Agile Defense,Data Engineer - SPACECOM,https://jobs.lever.co/agile-defense/ae32370b-ab29-4857-8de8-c3b2bf745a36,"Colorado Springs, CO",hybrid,,,,13,verify,"Role-family alignment: +5. | Evidence-aligned keywords (workflow, stakeholder, ai): +8.",Role is not clearly full-time employment. | Remote status is not verified. | Florida eligibility is unknown. | Compensation is not published or verified.
lever,e6d4bce0-bd08-4b6f-9aa2-0e8d303fd89f,Agile Defense,Data Engineer - TRANSCOM,https://jobs.lever.co/agile-defense/e6d4bce0-bd08-4b6f-9aa2-0e8d303fd89f,"Scott AFB, IL",hybrid,,,,13,verify,"Role-family alignment: +5. | Evidence-aligned keywords (workflow, stakeholder, ai): +8.",Role is not clearly full-time employment. | Remote status is not verified. | Florida eligibility is unknown. | Compensation is not published or verified.
lever,29f1614d-51be-4e8d-8b3c-5d5499a21dbd,Agile Defense,Data Scientist,https://jobs.lever.co/agile-defense/29f1614d-51be-4e8d-8b3c-5d5499a21dbd,"Falls Church, VA",hybrid,,,,13,verify,"Role-family alignment: +5. | Evidence-aligned keywords (workflow, stakeholder, ai): +8.",Role is not clearly full-time employment. | Remote status is not verified. | Florida eligibility is unknown. | Compensation is not published or verified.
lever,7b43c9ce-0101-4f9b-8f2f-8a92c4f33869,Agile Defense,Data Scientist,https://jobs.lever.co/agile-defense/7b43c9ce-0101-4f9b-8f2f-8a92c4f33869,"Washington, D.C.",hybrid,,,,13,verify,"Role-family alignment: +5. | Evidence-aligned keywords (workflow, stakeholder, ai): +8.",Role is not clearly full-time employment. | Remote status is not verified. | Florida eligibility is unknown. | Compensation is not published or verified.
lever,b7bf2a2e-2e85-4116-92da-470eb4be3672,Agile Defense,Java Developer,https://jobs.lever.co/agile-defense/b7bf2a2e-2e85-4116-92da-470eb4be3672,"Rosslyn, VA",hybrid,,,,13,verify,"Role-family alignment: +5. | Evidence-aligned keywords (workflow, automation, ai): +8.",Role is not clearly full-time employment. | Remote status is not verified. | Florida eligibility is unknown. | Compensation is not published or verified.
lever,889e466e-8060-4506-ae32-fc4d59ddf487,Agile Defense,Lead Product Manager,https://jobs.lever.co/agile-defense/889e466e-8060-4506-ae32-fc4d59ddf487,"Arlington, VA",onsite,,,,13,verify,"Role-family alignment: +5. | Evidence-aligned keywords (workflow, stakeholder, ai): +8.",Role is not clearly full-time employment. | Remote status is not verified. | Florida eligibility is unknown. | Compensation is not published or verified.
lever,49bfefa5-b6f6-49fd-9548-cea453483eb7,Agile Defense,MSS Developer,https://jobs.lever.co/agile-defense/49bfefa5-b6f6-49fd-9548-cea453483eb7,"Peterson Space Force Base, CO",onsite,,,,13,verify,"Role-family alignment: +5. | Evidence-aligned keywords (workflow, stakeholder, ai): +8.",Role is not clearly full-time employment. | Remote status is not verified. | Florida eligibility is unknown. | Compensation is not published or verified.
lever,2b888272-831e-46b4-9558-43d5c6cb462f,Agile Defense,Project Analyst,https://jobs.lever.co/agile-defense/2b888272-831e-46b4-9558-43d5c6cb462f,"Colorado Springs, CO",onsite,,,,13,verify,"Role-family alignment: +5. | Evidence-aligned keywords (automation, stakeholder, ai): +8.",Role is not clearly full-time employment. | Remote status is not verified. | Florida eligibility is unknown. | Compensation is not published or verified.
lever,7cd71faa-5b4b-4476-ace6-0a19623569cf,Rover,Trust and Safety Agent - French Speaking (Mon-Fri),https://jobs.lever.co/rover/7cd71faa-5b4b-4476-ace6-0a19623569cf,Spain,onsite,,,,13,verify,"Role-family alignment: +5. | Evidence-aligned keywords (crm, workflow, ai): +8.",Remote status is not verified. | Florida eligibility is unknown. | Compensation is not published or verified.
lever,a9df3669-d156-4d19-ab06-1e3e2dab2f98,Rover,Trust and Safety Agent - French Speaking (Tue-Sat),https://jobs.lever.co/rover/a9df3669-d156-4d19-ab06-1e3e2dab2f98,Spain,onsite,,,,13,verify,"Role-family alignment: +5. | Evidence-aligned keywords (crm, workflow, ai): +8.",Remote status is not verified. | Florida eligibility is unknown. | Compensation is not published or verified.
lever,1c334d74-861c-4872-8906-499e1d4202ce,Rover,Trust and Safety Agent - German Speaking (Mon-Fri),https://jobs.lever.co/rover/1c334d74-861c-4872-8906-499e1d4202ce,Spain,onsite,,,,13,verify,"Role-family alignment: +5. | Evidence-aligned keywords (crm, workflow, ai): +8.",Remote status is not verified. | Florida eligibility is unknown. | Compensation is not published or verified.
lever,2acc93fa-a8e5-4c9a-811e-44542637c884,Rover,Trust and Safety Agent - German Speaking (Tue-Sat),https://jobs.lever.co/rover/2acc93fa-a8e5-4c9a-811e-44542637c884,Spain,onsite,,,,13,verify,"Role-family alignment: +5. | Evidence-aligned keywords (crm, workflow, ai): +8.",Remote status is not verified. | Florida eligibility is unknown. | Compensation is not published or verified.
lever,5c3c42e1-baac-42a9-b195-c65e0b3e4573,Vida Health,Senior Product Manager- Member Experience,https://jobs.lever.co/vida/5c3c42e1-baac-42a9-b195-c65e0b3e4573,United States,onsite,,,,13,verify,"Role-family alignment: +5. | Evidence-aligned keywords (workflow, stakeholder, ai): +8.",Role is not clearly full-time employment. | Remote status is not verified. | Florida eligibility is unknown. | Compensation is not published or verified.
lever,02d3f6da-4fa6-46b1-9c1c-29ca0e9223f7,Agile Defense,Business & Documentation Admin (Procurement & Operations),https://jobs.lever.co/agile-defense/02d3f6da-4fa6-46b1-9c1c-29ca0e9223f7,"Fort Huachuca, AZ",onsite,,,,11,verify,"Role-family alignment: +5. | Evidence-aligned keywords (operations, ai): +6.",Role is not clearly full-time employment. | Remote status is not verified. | Florida eligibility is unknown. | Compensation is not published or verified.
lever,c60baeed-03a4-49c7-bb0f-08041c683120,Agile Defense,Common Data Link (CDL) Test & Evaluation Analyst,https://jobs.lever.co/agile-defense/c60baeed-03a4-49c7-bb0f-08041c683120,"Fort Huachuca, AZ",onsite,,,,11,verify,"Role-family alignment: +5. | Evidence-aligned keywords (operations, ai): +6.",Role is not clearly full-time employment. | Remote status is not verified. | Florida eligibility is unknown. | Compensation is not published or verified.
lever,857da9ba-80c8-4155-b659-a28390fa524a,Agile Defense,Network Design Engineer Lead,https://jobs.lever.co/agile-defense/857da9ba-80c8-4155-b659-a28390fa524a,"McLean, VA",onsite,,,,11,verify,"Role-family alignment: +5. | Evidence-aligned keywords (program management, ai): +6.",Role is not clearly full-time employment. | Remote status is not verified. | Florida eligibility is unknown. | Compensation is not published or verified.
lever,4e73ee21-938a-4594-99e7-55026b711583,Agile Defense,Software/CNO Developer,https://jobs.lever.co/agile-defense/4e73ee21-938a-4594-99e7-55026b711583,"Fort Meade, MD",onsite,,,,11,verify,"Role-family alignment: +5. | Evidence-aligned keywords (implementation, ai): +6.",Role is not clearly full-time employment. | Remote status is not verified. | Florida eligibility is unknown. | Compensation is not published or verified.
lever,9b9c06b5-d902-4d0c-b520-fad21af395e6,Agile Defense,System Administrator (TTC) I,https://jobs.lever.co/agile-defense/9b9c06b5-d902-4d0c-b520-fad21af395e6,"Shaw AFB, SC",onsite,,,,11,verify,"Role-family alignment: +5. | Evidence-aligned keywords (operations, ai): +6.",Role is not clearly full-time employment. | Remote status is not verified. | Florida eligibility is unknown. | Compensation is not published or verified.
lever,75c44799-f4fe-47ac-bf05-a68b0e545c15,Agile Defense,System Administrator I,https://jobs.lever.co/agile-defense/75c44799-f4fe-47ac-bf05-a68b0e545c15,"Shaw AFB, SC",onsite,,,,11,verify,"Role-family alignment: +5. | Evidence-aligned keywords (operations, ai): +6.",Role is not clearly full-time employment. | Remote status is not verified. | Florida eligibility is unknown. | Compensation is not published or verified.
lever,4d37db04-1b03-4156-9ef1-215b0234bf3f,Agile Defense,Technical Writer (CBP),https://jobs.lever.co/agile-defense/4d37db04-1b03-4156-9ef1-215b0234bf3f,"Ashburn, VA",onsite,,,,11,verify,"Role-family alignment: +5. | Evidence-aligned keywords (operations, ai): +6.",Role is not clearly full-time employment. | Remote status is not verified. | Florida eligibility is unknown. | Compensation is not published or verified.
lever,7575ac08-5263-4fd4-91bd-063e4e7de809,BAMKO,Bilingual Human Resources Coordinator,https://jobs.lever.co/bamko/7575ac08-5263-4fd4-91bd-063e4e7de809,"Phoenix, AZ",onsite,,,,11,verify,"Role-family alignment: +5. | Evidence-aligned keywords (operations, ai): +6.",Remote status is not verified. | Florida eligibility is unknown. | Compensation is not published or verified.
lever,c71cbfaa-bec4-42f7-a0b5-ed502ec9f034,Swiftly,Senior Account Manager — Talent Community,https://jobs.lever.co/goswift/c71cbfaa-bec4-42f7-a0b5-ed502ec9f034,United States,onsite,,,,11,verify,"Role-family alignment: +5. | Evidence-aligned keywords (operations, ai): +6.",Remote status is not verified. | Florida eligibility is unknown. | Compensation is not published or verified.
lever,8bb8dcbd-18c4-4e9a-a204-25948d6380e4,Agile Defense,Intelligence Production Editor,https://jobs.lever.co/agile-defense/8bb8dcbd-18c4-4e9a-a204-25948d6380e4,"Rosslyn, VA",onsite,,,,10,verify,"Role-family alignment: +5. | Evidence-aligned keywords (stakeholder, ai): +5.",Role is not clearly full-time employment. | Remote status is not verified. | Florida eligibility is unknown. | Compensation is not published or verified.
lever,03bdcf23-c2e5-401d-a5f9-7e5cd1c7b726,Agile Defense,JCWA Operational Test Analyst,https://jobs.lever.co/agile-defense/03bdcf23-c2e5-401d-a5f9-7e5cd1c7b726,"Fort Huachuca, AZ",onsite,,,,10,verify,"Role-family alignment: +5. | Evidence-aligned keywords (stakeholder, ai): +5.",Remote status is not verified. | Florida eligibility is unknown. | Compensation is not published or verified.
lever,a65bd26e-7b3e-4a95-b57d-5d722ced8176,Agile Defense,Software Engineer III,https://jobs.lever.co/agile-defense/a65bd26e-7b3e-4a95-b57d-5d722ced8176,"St Louis, MO",onsite,,,,10,verify,"Role-family alignment: +5. | Evidence-aligned keywords (project management, ai): +5.",Role is not clearly full-time employment. | Remote status is not verified. | Florida eligibility is unknown. | Compensation is not published or verified.
lever,a825940e-3c09-408a-bfe8-a4f14c9f2c9a,Rover,Lead/Senior Software Engineer,https://jobs.lever.co/rover/a825940e-3c09-408a-bfe8-a4f14c9f2c9a,Barcelona,hybrid,,,,10,verify,"Role-family alignment: +5. | Evidence-aligned keywords (workflow, ai): +5.",Remote status is not verified. | Florida eligibility is unknown. | Compensation is not published or verified.
lever,563f814d-0fe9-4160-98cd-f83303ac75df,Agile Defense,Cyber Threat Intelligence Analyst,https://jobs.lever.co/agile-defense/563f814d-0fe9-4160-98cd-f83303ac75df,"Arlington, VA",onsite,,,,7,verify,Role-family alignment: +5. | Evidence-aligned keywords (ai): +2.,Role is not clearly full-time employment. | Remote status is not verified. | Florida eligibility is unknown. | Compensation is not published or verified.
lever,94247658-42cf-430b-8356-3d04afba0102,Agile Defense,Enterprise Architect (MBSE),https://jobs.lever.co/agile-defense/94247658-42cf-430b-8356-3d04afba0102,"Pensacola, FL",onsite,,,,7,verify,Role-family alignment: +5. | Evidence-aligned keywords (ai): +2.,Role is not clearly full-time employment. | Remote status is not verified. | Florida eligibility is unknown. | Compensation is not published or verified.
lever,0021fdc9-57b9-4aee-935f-a57fffeb8e03,Agile Defense,Graphic Designer,https://jobs.lever.co/agile-defense/0021fdc9-57b9-4aee-935f-a57fffeb8e03,"Washington, D.C.",onsite,,,,7,verify,Role-family alignment: +5. | Evidence-aligned keywords (ai): +2.,Role is not clearly full-time employment. | Remote status is not verified. | Florida eligibility is unknown. | Compensation is not published or verified.
lever,abf074b5-ed5f-46d5-8457-89166a18953b,Agile Defense,Help Desk Analyst,https://jobs.lever.co/agile-defense/abf074b5-ed5f-46d5-8457-89166a18953b,"Quantico, VA",onsite,,,,7,verify,Role-family alignment: +5. | Evidence-aligned keywords (ai): +2.,Role is not clearly full-time employment. | Remote status is not verified. | Florida eligibility is unknown. | Compensation is not published or verified.
lever,dc1b9889-cfe7-436c-9529-88e3d07c1efe,Agile Defense,Help Desk Analyst,https://jobs.lever.co/agile-defense/dc1b9889-cfe7-436c-9529-88e3d07c1efe,"Quantico, VA",onsite,,,,7,verify,Role-family alignment: +5. | Evidence-aligned keywords (ai): +2.,Role is not clearly full-time employment. | Remote status is not verified. | Florida eligibility is unknown. | Compensation is not published or verified.
lever,f3fb0d44-08c5-450c-92b3-1b4660835e2c,Agile Defense,Open Source Research Specialist II - Night Shift,https://jobs.lever.co/agile-defense/f3fb0d44-08c5-450c-92b3-1b4660835e2c,"Rosslyn, VA",onsite,,,,7,verify,Role-family alignment: +5. | Evidence-aligned keywords (ai): +2.,Role is not clearly full-time employment. | Remote status is not verified. | Florida eligibility is unknown. | Compensation is not published or verified.
lever,446e948b-bbb6-4784-86ed-a930d7dacd9e,Agile Defense,"Sales Engineer, Embedded AI",https://jobs.lever.co/agile-defense/446e948b-bbb6-4784-86ed-a930d7dacd9e,"McLean, VA",hybrid,,,,7,verify,Role-family alignment: +5. | Evidence-aligned keywords (ai): +2.,Role is not clearly full-time employment. | Remote status is not verified. | Florida eligibility is unknown. | Compensation is not published or verified.
lever,4d5254dd-8366-4983-9156-a7f989fea964,Agile Defense,Software Developer I,https://jobs.lever.co/agile-defense/4d5254dd-8366-4983-9156-a7f989fea964,"Aberdeen Proving Ground, MD",hybrid,,,,7,verify,Role-family alignment: +5. | Evidence-aligned keywords (ai): +2.,Role is not clearly full-time employment. | Remote status is not verified. | Florida eligibility is unknown. | Compensation is not published or verified.
lever,7798d63a-674f-4e35-829c-3852505c40bc,Agile Defense,System Engineer (MBSE),https://jobs.lever.co/agile-defense/7798d63a-674f-4e35-829c-3852505c40bc,"St Louis, MO",hybrid,,,,7,verify,Role-family alignment: +5. | Evidence-aligned keywords (ai): +2.,Role is not clearly full-time employment. | Remote status is not verified. | Florida eligibility is unknown. | Compensation is not published or verified.
lever,2fbfde22-0a6c-400c-b495-fb1070beabb7,Agile Defense,Test & Evaluation Specialist,https://jobs.lever.co/agile-defense/2fbfde22-0a6c-400c-b495-fb1070beabb7,"Fort Huachuca, AZ",onsite,,,,7,verify,Role-family alignment: +5. | Evidence-aligned keywords (ai): +2.,Role is not clearly full-time employment. | Remote status is not verified. | Florida eligibility is unknown. | Compensation is not published or verified.
lever,47266731-ae74-43bc-9d25-13d9662b628c,Arcadia,Office Support Coordinator,https://jobs.lever.co/arcadia/47266731-ae74-43bc-9d25-13d9662b628c,"Boston, MA",onsite,,,,7,verify,Role-family alignment: +5. | Evidence-aligned keywords (ai): +2.,Role is not clearly full-time employment. | Remote status is not verified. | Florida eligibility is unknown. | Compensation is not published or verified.
lever,034d843a-cd17-4ecc-84f9-be6a2cc6228b,BAMKO,Regional Sales Representative,https://jobs.lever.co/bamko/034d843a-cd17-4ecc-84f9-be6a2cc6228b,"Atlanta, GA",onsite,,,,7,verify,Role-family alignment: +5. | Evidence-aligned keywords (ai): +2.,Remote status is not verified. | Florida eligibility is unknown. | Compensation is not published or verified.
lever,21376cdb-4a9c-4ba9-b6d1-ee350d09cc0f,Rover,Software Engineer,https://jobs.lever.co/rover/21376cdb-4a9c-4ba9-b6d1-ee350d09cc0f,Barcelona,hybrid,,,,7,verify,Role-family alignment: +5. | Evidence-aligned keywords (ai): +2.,Remote status is not verified. | Florida eligibility is unknown. | Compensation is not published or verified.
lever,b86ead18-1ef0-4847-a59a-b7e951d4de94,Agile Defense,Security Analyst,https://jobs.lever.co/agile-defense/b86ead18-1ef0-4847-a59a-b7e951d4de94,"China Lake, CA",onsite,,,,2,verify,"Role-family alignment: +5. | Evidence-aligned keywords (implementation, stakeholder, ai): +9.",Role is not clearly full-time employment. | Remote status is not verified. | Florida eligibility is unknown. | Compensation is not published or verified. | Posting contains a likely hard credential barrier.
lever,f9727a1b-731c-43af-8e98-b4ed68b647bd,Agile Defense,Field Deployment Analyst (CBP),https://jobs.lever.co/agile-defense/f9727a1b-731c-43af-8e98-b4ed68b647bd,Remote,remote,,70000,80000,0,reject,,"Published salary ceiling is below $90,000."
