source,source_id,company,title,url,initial_decision,final_decision,verification_status,confidence,florida_eligible,remote_status,employment_type,salary_min,salary_max,travel_percentage,clearance_required,sponsorship_status,evidence,unresolved,verified_at
lever,529edd7b-5e37-4d8c-9b91-c48776764e70,Arcadia,Business Development Representative,https://jobs.lever.co/arcadia/529edd7b-5e37-4d8c-9b91-c48776764e70,verify,verify,unresolved,0.69,,remote,full-time,,,,,,,florida_eligibility | compensation,2026-10-06T12:39:08.452913+00:00
lever,648a0928-f5df-4d5e-856b-a9a7a9115cc6,Arcadia,Chief of Staff - Commercial Strategy,https://jobs.lever.co/arcadia/648a0928-f5df-4d5e-856b-a9a7a9115cc6,verify,verify,partial,0.83,True,remote,full-time,,,,,,Posting permits remote work throughout the United States.,compensation,2026-10-06T12:39:08.454552+00:00
lever,878f8c29-b287-488d-b6c0-e65e059f24b4,Arcadia,Customer Success Manager,https://jobs.lever.co/arcadia/878f8c29-b287-488d-b6c0-e65e059f24b4,verify,verify,partial,0.59,,remote,contract,,,,,,Posting indicates non-full-time employment.,florida_eligibility | employment_type | compensation,2026-10-06T12:39:08.456908+00:00
lever,894ccc47-f430-4391-8dc1-063079c602db,Arcadia,"Director, Analytics",https://jobs.lever.co/arcadia/894ccc47-f430-4391-8dc1-063079c602db,verify,verify,partial,0.83,True,remote,full-time,,,,,,Posting permits remote work throughout the United States.,compensation,2026-10-06T12:39:08.458059+00:00
lever,b28494d8-0aa2-44aa-b443-ecc23b465ac5,Arcadia,"Director, Business Development - Life Sciences",https://jobs.lever.co/arcadia/b28494d8-0aa2-44aa-b443-ecc23b465ac5,verify,verify,unresolved,0.69,,remote,full-time,,,,,,,florida_eligibility | compensation,2026-10-06T12:39:08.459814+00:00
lever,facff254-78e3-4328-83f4-fd13fa7ef627,Arcadia,Enterprise Implementation Manager,https://jobs.lever.co/arcadia/facff254-78e3-4328-83f4-fd13fa7ef627,verify,verify,unresolved,0.69,,remote,full-time,,,,,,,florida_eligibility | compensation,2026-10-06T12:39:08.461744+00:00
lever,bc61c1d1-8824-43b3-a90d-a0016c8c5989,Arcadia,Head of Revenue Operations,https://jobs.lever.co/arcadia/bc61c1d1-8824-43b3-a90d-a0016c8c5989,verify,verify,partial,0.83,True,remote,full-time,,,,,,Posting permits remote work throughout the United States.,compensation,2026-10-06T12:39:08.463464+00:00
lever,af9ca658-6c46-46fd-a02b-6a3d2d0b0811,Arcadia,Implementation Manager,https://jobs.lever.co/arcadia/af9ca658-6c46-46fd-a02b-6a3d2d0b0811,verify,verify,partial,0.59,,remote,contract,,,,,,Posting indicates non-full-time employment.,florida_eligibility | employment_type | compensation,2026-10-06T12:39:08.464976+00:00
lever,16fb294b-eb50-4f1d-a3e9-fd0c34a8594e,Arcadia,Lead Analytics Engineer - Data Modeling & Quality,https://jobs.lever.co/arcadia/16fb294b-eb50-4f1d-a3e9-fd0c34a8594e,verify,verify,partial,0.83,True,hybrid,full-time,,,,,,Posting permits remote work throughout the United States.,compensation,2026-10-06T12:39:08.466258+00:00
lever,8d01e985-fc84-4097-ab31-ca2a328d8e11,Arcadia,"Principal Product Manager, AI Product",https://jobs.lever.co/arcadia/8d01e985-fc84-4097-ab31-ca2a328d8e11,verify,verify,partial,0.83,True,remote,full-time,,,,,,Posting permits remote work throughout the United States.,compensation,2026-10-06T12:39:08.467696+00:00
lever,631c2c22-0759-4f84-a9a1-11305917c510,Arcadia,Principal Software Engineer - Agent AI Platform,https://jobs.lever.co/arcadia/631c2c22-0759-4f84-a9a1-11305917c510,verify,verify,partial,0.83,True,remote,full-time,,,,,,Posting permits remote work throughout the United States.,compensation,2026-10-06T12:39:08.468898+00:00
lever,3b5106b1-8f44-4ec4-9abe-8bc093c73854,Arcadia,Principal Talent Acquisition Manager (Go-to-Market Recruiting),https://jobs.lever.co/arcadia/3b5106b1-8f44-4ec4-9abe-8bc093c73854,verify,verify,partial,0.71,True,remote,full-time remote,,,,,,Posting permits remote work throughout the United States.,employment_type | compensation,2026-10-06T12:39:08.469936+00:00
lever,371d9d87-3684-4acb-b73c-202855b329a6,Arcadia,"Senior / Lead Analyst, Customer Insights",https://jobs.lever.co/arcadia/371d9d87-3684-4acb-b73c-202855b329a6,verify,review,complete,0.95,True,remote,full-time,125000,145000,,,,Posting permits remote work throughout the United States.,,2026-10-06T12:39:08.471980+00:00
lever,67cc8e4a-92bc-4d3b-a158-1098c15939e0,Arcadia,"Staff Applied AI Engineer, Product & Agent Performance",https://jobs.lever.co/arcadia/67cc8e4a-92bc-4d3b-a158-1098c15939e0,verify,verify,partial,0.83,True,remote,full-time,,,,,,Posting permits remote work throughout the United States.,compensation,2026-10-06T12:39:08.473369+00:00
lever,33ccf13c-8a8a-4c09-9f4a-e3edc893e9f2,Arcadia,"Vice President of Sales, Payor",https://jobs.lever.co/arcadia/33ccf13c-8a8a-4c09-9f4a-e3edc893e9f2,verify,verify,partial,0.59,,remote,contract,,,,,,Posting indicates non-full-time employment.,florida_eligibility | employment_type | compensation,2026-10-06T12:39:08.474474+00:00
lever,2095cc98-e1ea-4343-a7b9-1490dde535fd,Arcadia,"Vice President of Sales, Provider",https://jobs.lever.co/arcadia/2095cc98-e1ea-4343-a7b9-1490dde535fd,verify,verify,partial,0.73,True,remote,contract,,,,,,Posting permits remote work throughout the United States. | Posting indicates non-full-time employment.,employment_type | compensation,2026-10-06T12:39:08.475814+00:00
lever,764b77ec-f006-4043-a099-edfdd0fb6bfd,Swiftly,Careers at Swiftly: Open Application,https://jobs.lever.co/goswift/764b77ec-f006-4043-a099-edfdd0fb6bfd,verify,verify,unresolved,0.69,,remote,full-time,,,,,,,florida_eligibility | compensation,2026-10-06T12:39:08.476796+00:00
lever,4b9d5f4d-f29f-49a2-be0f-7bd9f99f3415,Vida Health,Bilingual Member Services Agent I,https://jobs.lever.co/vida/4b9d5f4d-f29f-49a2-be0f-7bd9f99f3415,verify,verify,unresolved,0.57,,remote,full time- non-exempt hourly,,,,,,,florida_eligibility | employment_type | compensation,2026-10-06T12:39:08.477603+00:00
lever,fbfc16dd-a976-4674-851d-c150057fba8b,Vida Health,Client Success Manager (Health Plans/PBM),https://jobs.lever.co/vida/fbfc16dd-a976-4674-851d-c150057fba8b,verify,verify,partial,0.59,,remote,full time- exempt,,,,,not-offered,Posting states that employment sponsorship is not offered.,florida_eligibility | employment_type | compensation,2026-10-06T12:39:08.478875+00:00
lever,720d4f00-b7c0-4c37-84ef-526c473991c8,Vida Health,Director of Payer Sales,https://jobs.lever.co/vida/720d4f00-b7c0-4c37-84ef-526c473991c8,verify,verify,partial,0.59,,remote,full time- exempt,,,,,not-offered,Posting states that employment sponsorship is not offered.,florida_eligibility | employment_type | compensation,2026-10-06T12:39:08.480252+00:00
lever,dcc99259-da66-4a03-92a8-39ba191cd9bc,Vida Health,Health Coach,https://jobs.lever.co/vida/dcc99259-da66-4a03-92a8-39ba191cd9bc,verify,verify,partial,0.61,,remote,contract,,,,,not-offered,Posting indicates non-full-time employment. | Posting states that employment sponsorship is not offered.,florida_eligibility | employment_type | compensation,2026-10-06T12:39:08.481477+00:00
lever,00542860-c782-41cc-9152-e02cbc48381b,Vida Health,Member Services Agent I,https://jobs.lever.co/vida/00542860-c782-41cc-9152-e02cbc48381b,verify,verify,unresolved,0.57,,remote,full time- non-exempt hourly,,,,,,,florida_eligibility | employment_type | compensation,2026-10-06T12:39:08.482282+00:00
lever,6775346c-08ba-4eae-b43e-d5da8788c2a4,Vida Health,Nurse Practitioner,https://jobs.lever.co/vida/6775346c-08ba-4eae-b43e-d5da8788c2a4,verify,verify,partial,0.59,,remote,full time - non-exempt/hourly,,,,,not-offered,Posting states that employment sponsorship is not offered.,florida_eligibility | employment_type | compensation,2026-10-06T12:39:08.483370+00:00
lever,2fb7e77f-3d3d-4c1d-92ea-48ee26415732,Vida Health,Principal AI/ML Engineering Lead,https://jobs.lever.co/vida/2fb7e77f-3d3d-4c1d-92ea-48ee26415732,verify,verify,partial,0.59,,remote,full time- exempt,,,,,not-offered,Posting states that employment sponsorship is not offered.,florida_eligibility | employment_type | compensation,2026-10-06T12:39:08.484589+00:00
lever,e41f947c-329f-4f19-ae67-304e2197dc3e,Vida Health,"Principal Product Manager, Member Experience",https://jobs.lever.co/vida/e41f947c-329f-4f19-ae67-304e2197dc3e,verify,verify,partial,0.71,,remote,full-time,,,,,not-offered,Posting states that employment sponsorship is not offered.,florida_eligibility | compensation,2026-10-06T12:39:08.486020+00:00
lever,c04c3a7c-3a21-4d07-8110-6799220344fa,Vida Health,Registered Dietitian,https://jobs.lever.co/vida/c04c3a7c-3a21-4d07-8110-6799220344fa,verify,verify,partial,0.61,,remote,contract,,,,,not-offered,Posting indicates non-full-time employment. | Posting states that employment sponsorship is not offered.,florida_eligibility | employment_type | compensation,2026-10-06T12:39:08.487186+00:00
lever,8fd2c844-ad71-4732-8574-2c3a3cc98bdc,Vida Health,"Senior Director, Engineering Operations & Security",https://jobs.lever.co/vida/8fd2c844-ad71-4732-8574-2c3a3cc98bdc,verify,verify,partial,0.59,,remote,full time- exempt,,,,,not-offered,Posting states that employment sponsorship is not offered.,florida_eligibility | employment_type | compensation,2026-10-06T12:39:08.488783+00:00
lever,f9c44955-7e78-4b8e-b096-743d8d63f459,Vida Health,Site Reliability Engineer III,https://jobs.lever.co/vida/f9c44955-7e78-4b8e-b096-743d8d63f459,verify,verify,partial,0.59,,remote,full time- exempt,,,,,not-offered,Posting states that employment sponsorship is not offered.,florida_eligibility | employment_type | compensation,2026-10-06T12:39:08.490191+00:00
lever,7c8d06d3-7c41-46a4-8c3d-d9c59e7a8c9f,Vida Health,Staff Physician (MD/DO),https://jobs.lever.co/vida/7c8d06d3-7c41-46a4-8c3d-d9c59e7a8c9f,verify,verify,partial,0.59,,remote,full time- exempt,,,,,not-offered,Posting states that employment sponsorship is not offered.,florida_eligibility | employment_type | compensation,2026-10-06T12:39:08.491435+00:00
lever,8aa51262-bfda-4c94-989a-bb76bca3343b,Vida Health,"Staff Product Manager, Operations Systems",https://jobs.lever.co/vida/8aa51262-bfda-4c94-989a-bb76bca3343b,verify,verify,partial,0.59,,remote,full time- exempt,,,,,not-offered,Posting states that employment sponsorship is not offered.,florida_eligibility | employment_type | compensation,2026-10-06T12:39:08.492620+00:00
lever,d8f2f049-32e3-46a2-b75e-02195321c14c,Vida Health,"VP of Sales, Payer (Medicare)",https://jobs.lever.co/vida/d8f2f049-32e3-46a2-b75e-02195321c14c,verify,verify,unresolved,0.57,,remote,full time- exempt,,,,,,,florida_eligibility | employment_type | compensation,2026-10-06T12:39:08.493465+00:00
lever,c88eaf0a-f272-4119-af81-fc71c617b006,Rover,Director of Corporate Development,https://jobs.lever.co/rover/c88eaf0a-f272-4119-af81-fc71c617b006,verify,verify,unresolved,0.81,,onsite,full-time,178513,220822,,,,,florida_eligibility,2026-10-06T12:39:08.494368+00:00
lever,576edd34-221f-4144-ad0e-b2c40bce49f3,Rover,"Director, Product Management, Marketplace Supply",https://jobs.lever.co/rover/576edd34-221f-4144-ad0e-b2c40bce49f3,verify,verify,unresolved,0.69,,onsite,full-time,,,,,,,florida_eligibility | compensation,2026-10-06T12:39:08.495532+00:00
lever,3db3bb15-bc25-44f3-89d6-530b8407fa51,Rover,"Director, Product Management, Provider Experience",https://jobs.lever.co/rover/3db3bb15-bc25-44f3-89d6-530b8407fa51,verify,verify,unresolved,0.69,,onsite,full-time,,,,,,,florida_eligibility | compensation,2026-10-06T12:39:08.496714+00:00
lever,303b3b2f-9679-4a77-8908-456e29240486,Rover,"Entry Level Software Engineer, Recommendations",https://jobs.lever.co/rover/303b3b2f-9679-4a77-8908-456e29240486,verify,verify,unresolved,0.81,,hybrid,full-time,99719,128513,,,,,florida_eligibility,2026-10-06T12:39:08.498218+00:00
lever,c817f2b8-a1dd-4a38-b2fc-b35390763cdd,Rover,Fraud Investigator II,https://jobs.lever.co/rover/c817f2b8-a1dd-4a38-b2fc-b35390763cdd,verify,verify,unresolved,0.69,,onsite,full-time,,,,,,,florida_eligibility | compensation,2026-10-06T12:39:08.499063+00:00
lever,39b3862d-7873-404c-8dc1-f95664ca5882,Rover,"Lead Data Analyst, Marketing (SEM)",https://jobs.lever.co/rover/39b3862d-7873-404c-8dc1-f95664ca5882,verify,verify,unresolved,0.69,,onsite,full-time,,,,,,,florida_eligibility | compensation,2026-10-06T12:39:08.500112+00:00
lever,a825940e-3c09-408a-bfe8-a4f14c9f2c9a,Rover,Lead/Senior Software Engineer,https://jobs.lever.co/rover/a825940e-3c09-408a-bfe8-a4f14c9f2c9a,verify,verify,unresolved,0.69,,hybrid,full-time,,,,,,,florida_eligibility | compensation,2026-10-06T12:39:08.501169+00:00
lever,c7483e78-3317-47c0-a0e5-c880ef293bf5,Rover,"Marketing Manager, Paid Social",https://jobs.lever.co/rover/c7483e78-3317-47c0-a0e5-c880ef293bf5,verify,verify,unresolved,0.81,,hybrid,full-time,129139,171755,,,,,florida_eligibility,2026-10-06T12:39:08.502526+00:00
lever,5e3a3dee-ff68-4bd2-8ce6-c40f1fda7cd3,Rover,Privacy Systems Analyst,https://jobs.lever.co/rover/5e3a3dee-ff68-4bd2-8ce6-c40f1fda7cd3,verify,verify,unresolved,0.69,,hybrid,full-time,,,,,,,florida_eligibility | compensation,2026-10-06T12:39:08.503679+00:00
lever,09916cb0-3e1b-47c4-9a7a-eaa4e554c3c2,Rover,Product Manager - Search Experience,https://jobs.lever.co/rover/09916cb0-3e1b-47c4-9a7a-eaa4e554c3c2,verify,verify,unresolved,0.81,,hybrid,full-time,108694,135867,,,,,florida_eligibility,2026-10-06T12:39:08.504790+00:00
lever,2eff7ad7-659a-4219-905c-2d79dfd01d10,Rover,"Product Manager, SEO and Answer Engine Optimization (AEO)",https://jobs.lever.co/rover/2eff7ad7-659a-4219-905c-2d79dfd01d10,verify,verify,unresolved,0.81,,onsite,full-time,108694,135867,,,,,florida_eligibility,2026-10-06T12:39:08.505932+00:00
lever,f56c44b6-d33e-4708-b25f-7907995af5ff,Rover,Security Analyst,https://jobs.lever.co/rover/f56c44b6-d33e-4708-b25f-7907995af5ff,verify,verify,unresolved,0.81,,hybrid,full-time,118476,148095,,,,,florida_eligibility,2026-10-06T12:39:08.506959+00:00
lever,c8302568-bf57-4298-a45b-9241d9ef3cca,Rover,"Senior Accountant, Financial Reporting",https://jobs.lever.co/rover/c8302568-bf57-4298-a45b-9241d9ef3cca,verify,verify,unresolved,0.81,,hybrid,full-time,108694,136046,,,,,florida_eligibility,2026-10-06T12:39:08.508046+00:00
lever,2bf520a7-505a-425b-942d-1d6182a08d6b,Rover,Senior Application Admin - Zendesk,https://jobs.lever.co/rover/2bf520a7-505a-425b-942d-1d6182a08d6b,verify,verify,unresolved,0.69,,onsite,full-time,,,,,,,florida_eligibility | compensation,2026-10-06T12:39:08.509386+00:00
lever,3070b93e-ef1c-4ab3-9a89-c2d977719a42,Rover,Senior Application Analyst - Zendesk,https://jobs.lever.co/rover/3070b93e-ef1c-4ab3-9a89-c2d977719a42,verify,verify,unresolved,0.69,,onsite,full-time,,,,,,,florida_eligibility | compensation,2026-10-06T12:39:08.510721+00:00
lever,966abd0e-14d3-42ba-93e8-fe24fd4c8938,Rover,Senior Data Analyst - Operations Analytics,https://jobs.lever.co/rover/966abd0e-14d3-42ba-93e8-fe24fd4c8938,verify,verify,unresolved,0.69,,hybrid,full-time,,,,,,,florida_eligibility | compensation,2026-10-06T12:39:08.511849+00:00
lever,6dd0e002-3005-4848-95ca-2b3c0f773c43,Rover,Senior Director of Lifecycle Strategy,https://jobs.lever.co/rover/6dd0e002-3005-4848-95ca-2b3c0f773c43,verify,verify,unresolved,0.81,,onsite,full-time,196726,261646,,,,,florida_eligibility,2026-10-06T12:39:08.513071+00:00
lever,ee728133-390f-470d-bad0-a5860091d487,Rover,"Senior Director, HRBPs and Employee Experience",https://jobs.lever.co/rover/ee728133-390f-470d-bad0-a5860091d487,verify,verify,unresolved,0.81,,onsite,full-time,180483,243652,,,,,florida_eligibility,2026-10-06T12:39:08.514156+00:00
lever,e110871c-cc69-48df-afb6-173b1b9aa36a,Rover,"Senior Finance Manager, International FP&A",https://jobs.lever.co/rover/e110871c-cc69-48df-afb6-173b1b9aa36a,verify,verify,unresolved,0.69,,onsite,full-time,,,,,,,florida_eligibility | compensation,2026-10-06T12:39:08.514991+00:00
lever,f05fbca8-fea6-45d4-948d-4e16b14eac9e,Rover,Senior Marketing Manager,https://jobs.lever.co/rover/f05fbca8-fea6-45d4-948d-4e16b14eac9e,verify,verify,unresolved,0.81,,remote,full-time,153430,190766,,,,,florida_eligibility,2026-10-06T12:39:08.516379+00:00
lever,bf6aa5e2-d5ad-4e10-8257-1990ca2533c2,Rover,Senior Product Designer,https://jobs.lever.co/rover/bf6aa5e2-d5ad-4e10-8257-1990ca2533c2,verify,verify,unresolved,0.69,,hybrid,full-time,,,,,,,florida_eligibility | compensation,2026-10-06T12:39:08.517756+00:00
lever,4be50ec7-1224-4f05-9a53-92f015875f8d,Rover,Senior Product Designer Price Experience,https://jobs.lever.co/rover/4be50ec7-1224-4f05-9a53-92f015875f8d,verify,verify,unresolved,0.81,,hybrid,full-time,129139,171755,,,,,florida_eligibility,2026-10-06T12:39:08.519253+00:00
lever,7b645600-5d9f-4bda-9bc2-fb770d0e86dc,Rover,Senior Product Engineer,https://jobs.lever.co/rover/7b645600-5d9f-4bda-9bc2-fb770d0e86dc,verify,verify,unresolved,0.69,,hybrid,full-time,,,,,,,florida_eligibility | compensation,2026-10-06T12:39:08.520877+00:00
lever,25c82f96-3798-453f-9b73-f3877600d2ee,Rover,Senior Technical Program Manager - Partnerships and Integrations,https://jobs.lever.co/rover/25c82f96-3798-453f-9b73-f3877600d2ee,verify,verify,unresolved,0.69,,hybrid,full-time,,,,,,,florida_eligibility | compensation,2026-10-06T12:39:08.522522+00:00
lever,1d42a62d-6bcc-4b3a-863b-eee2853065da,Rover,"Senior Technical Program Manager, Cross-Functional Programs",https://jobs.lever.co/rover/1d42a62d-6bcc-4b3a-863b-eee2853065da,verify,verify,unresolved,0.81,,onsite,full-time,153430,181715,,,,,florida_eligibility,2026-10-06T12:39:08.523956+00:00
lever,db5e968c-95b3-4514-8275-827cad3429d2,Rover,Software Engineer - Backend Platform,https://jobs.lever.co/rover/db5e968c-95b3-4514-8275-827cad3429d2,verify,verify,unresolved,0.69,,hybrid,full-time,,,,,,,florida_eligibility | compensation,2026-10-06T12:39:08.525139+00:00
lever,a81ab324-969a-44f1-89b4-e7ff7487a735,Rover,"Software Engineer, Price Experience",https://jobs.lever.co/rover/a81ab324-969a-44f1-89b4-e7ff7487a735,verify,verify,unresolved,0.81,,hybrid,full-time,108694,136046,,,,,florida_eligibility,2026-10-06T12:39:08.526462+00:00
lever,990f2649-9098-49b5-84f7-8f81f4555686,Rover,Sr. Benefits & HR Operations Analyst,https://jobs.lever.co/rover/990f2649-9098-49b5-84f7-8f81f4555686,verify,verify,unresolved,0.81,,onsite,full-time,91485,117902,,,,,florida_eligibility,2026-10-06T12:39:08.527516+00:00
lever,861c2f1c-6586-40b6-87b8-4140c9379780,Rover,"Staff Engineer, Commerce Platform",https://jobs.lever.co/rover/861c2f1c-6586-40b6-87b8-4140c9379780,verify,verify,unresolved,0.81,,hybrid,full-time,182290,260000,,,,,florida_eligibility,2026-10-06T12:39:08.528609+00:00
lever,d79f4156-1325-4207-a767-c8afee6b4127,Rover,System Administrator - Privacy,https://jobs.lever.co/rover/d79f4156-1325-4207-a767-c8afee6b4127,verify,verify,unresolved,0.69,,onsite,full-time,,,,,,,florida_eligibility | compensation,2026-10-06T12:39:08.529593+00:00
lever,fe7f0553-d3ab-4f20-a81e-e95e8e8c571a,Rover,"Tax Accountant II, Income Tax",https://jobs.lever.co/rover/fe7f0553-d3ab-4f20-a81e-e95e8e8c571a,verify,verify,unresolved,0.81,,hybrid,full-time,91485,117902,,,,,florida_eligibility,2026-10-06T12:39:08.530580+00:00
lever,210d0c06-5b33-4166-9c01-c735faeed795,Rover,Tax Manager,https://jobs.lever.co/rover/210d0c06-5b33-4166-9c01-c735faeed795,verify,verify,unresolved,0.81,,hybrid,full-time,125000,160000,,,,,florida_eligibility,2026-10-06T12:39:08.531603+00:00
lever,7cd71faa-5b4b-4476-ace6-0a19623569cf,Rover,Trust and Safety Agent - French Speaking (Mon-Fri),https://jobs.lever.co/rover/7cd71faa-5b4b-4476-ace6-0a19623569cf,verify,verify,unresolved,0.69,,onsite,full-time,,,,,,,florida_eligibility | compensation,2026-10-06T12:39:08.532766+00:00
lever,a9df3669-d156-4d19-ab06-1e3e2dab2f98,Rover,Trust and Safety Agent - French Speaking (Tue-Sat),https://jobs.lever.co/rover/a9df3669-d156-4d19-ab06-1e3e2dab2f98,verify,verify,unresolved,0.69,,onsite,full-time,,,,,,,florida_eligibility | compensation,2026-10-06T12:39:08.533929+00:00
lever,1c334d74-861c-4872-8906-499e1d4202ce,Rover,Trust and Safety Agent - German Speaking (Mon-Fri),https://jobs.lever.co/rover/1c334d74-861c-4872-8906-499e1d4202ce,verify,verify,unresolved,0.69,,onsite,full-time,,,,,,,florida_eligibility | compensation,2026-10-06T12:39:08.535087+00:00
lever,2acc93fa-a8e5-4c9a-811e-44542637c884,Rover,Trust and Safety Agent - German Speaking (Tue-Sat),https://jobs.lever.co/rover/2acc93fa-a8e5-4c9a-811e-44542637c884,verify,verify,unresolved,0.69,,onsite,full-time,,,,,,,florida_eligibility | compensation,2026-10-06T12:39:08.535981+00:00
lever,8768b3ee-5ace-4797-beaf-e3d2cb4c218b,Sure,IT Systems Engineer,https://jobs.lever.co/sure/8768b3ee-5ace-4797-beaf-e3d2cb4c218b,verify,verify,unresolved,0.69,,remote,full-time,,,,,,,florida_eligibility | compensation,2026-10-06T12:39:08.536860+00:00
lever,ac336754-73c2-4db3-94cd-004138555556,BAMKO,Account Coordinator,https://jobs.lever.co/bamko/ac336754-73c2-4db3-94cd-004138555556,verify,verify,unresolved,0.69,,remote,full-time,,,,,,,florida_eligibility | compensation,2026-10-06T12:39:08.537541+00:00
lever,3e5fe7af-983f-40f7-a3d9-95349582b7ea,BAMKO,Account Manager,https://jobs.lever.co/bamko/3e5fe7af-983f-40f7-a3d9-95349582b7ea,reject,reject,unresolved,0.81,,remote,full-time,65000,85000,,,,,florida_eligibility,2026-10-06T12:39:08.538321+00:00
lever,7575ac08-5263-4fd4-91bd-063e4e7de809,BAMKO,Bilingual Human Resources Coordinator,https://jobs.lever.co/bamko/7575ac08-5263-4fd4-91bd-063e4e7de809,verify,verify,unresolved,0.69,,onsite,full-time,,,,,,,florida_eligibility | compensation,2026-10-06T12:39:08.539258+00:00
lever,f6784a41-cf0d-4dde-81f8-e172eefb01b0,BAMKO,Logistics Coordinator,https://jobs.lever.co/bamko/f6784a41-cf0d-4dde-81f8-e172eefb01b0,verify,verify,unresolved,0.69,,remote,full-time,,,,,,,florida_eligibility | compensation,2026-10-06T12:39:08.540191+00:00
lever,c6b321eb-e15a-43b2-9437-608a46f1cb96,BAMKO,Marketing Operations Manager,https://jobs.lever.co/bamko/c6b321eb-e15a-43b2-9437-608a46f1cb96,verify,verify,unresolved,0.69,,remote,full-time,,,,,,,florida_eligibility | compensation,2026-10-06T12:39:08.540297+00:00
lever,034d843a-cd17-4ecc-84f9-be6a2cc6228b,BAMKO,Regional Sales Representative,https://jobs.lever.co/bamko/034d843a-cd17-4ecc-84f9-be6a2cc6228b,verify,verify,unresolved,0.69,,onsite,full-time,,,,,,,florida_eligibility | compensation,2026-10-06T12:39:08.540842+00:00
lever,59633d9a-97fa-45e7-b652-252bed0b9b70,Arbital Health,"Actuary/Senior Actuary, Consulting Practice",https://jobs.lever.co/arbitalhealth/59633d9a-97fa-45e7-b652-252bed0b9b70,verify,verify,unresolved,0.69,,remote,full-time,,,,,,,florida_eligibility | compensation,2026-10-06T12:39:08.541539+00:00
lever,b5aeaf70-8b75-4a4f-b7d6-387cb576fa48,Arbital Health,Events & Experiences Manager,https://jobs.lever.co/arbitalhealth/b5aeaf70-8b75-4a4f-b7d6-387cb576fa48,verify,verify,unresolved,0.69,,remote,full-time,,,,,,,florida_eligibility | compensation,2026-10-06T12:39:08.542666+00:00
lever,609c9994-ccdc-4a2e-b34d-c25cfdccb0c6,Arbital Health,Full Stack Engineer,https://jobs.lever.co/arbitalhealth/609c9994-ccdc-4a2e-b34d-c25cfdccb0c6,verify,verify,unresolved,0.69,,remote,full-time,,,,,,,florida_eligibility | compensation,2026-10-06T12:39:08.543478+00:00
lever,17bcd8c9-7960-4e92-ab9d-2dd6e225cf1b,Arbital Health,Senior Actuary & Data Science Engineer,https://jobs.lever.co/arbitalhealth/17bcd8c9-7960-4e92-ab9d-2dd6e225cf1b,verify,verify,unresolved,0.69,,remote,full-time,,,,,,,florida_eligibility | compensation,2026-10-06T12:39:08.544381+00:00
lever,68ed22c9-afeb-41ba-af11-64a28297d041,Arbital Health,"Vice President, Payer Sales",https://jobs.lever.co/arbitalhealth/68ed22c9-afeb-41ba-af11-64a28297d041,verify,verify,unresolved,0.69,,remote,full-time,,,,,,,florida_eligibility | compensation,2026-10-06T12:39:08.545498+00:00
lever,92affb7f-0bd7-4c96-a9b7-7fdd1bffa8ae,Agile Defense,ACAS Administrator - Senior Level,https://jobs.lever.co/agile-defense/92affb7f-0bd7-4c96-a9b7-7fdd1bffa8ae,verify,verify,unresolved,0.57,,onsite,regular,,,,,,,florida_eligibility | employment_type | compensation,2026-10-06T12:39:08.546993+00:00
lever,fc68a2de-a20f-4e19-9fbc-285c751ccbbf,Agile Defense,Advanced Battle Management System (ABMS) Test & Evaluation Analyst - Senior,https://jobs.lever.co/agile-defense/fc68a2de-a20f-4e19-9fbc-285c751ccbbf,verify,verify,partial,0.63,,onsite,contract,,,25,True,,Posting indicates non-full-time employment. | Posting states up to 25% travel. | Posting requires or references a security clearance.,florida_eligibility | employment_type | compensation,2026-10-06T12:39:08.548173+00:00
lever,c2583f66-b84d-4c23-abdb-ba8630b741ad,Agile Defense,AI Security and Assurance Technical Lead,https://jobs.lever.co/agile-defense/c2583f66-b84d-4c23-abdb-ba8630b741ad,verify,verify,partial,0.61,,onsite,contract,,,,True,,Posting indicates non-full-time employment. | Posting requires or references a security clearance.,florida_eligibility | employment_type | compensation,2026-10-06T12:39:08.549373+00:00
lever,9328b001-f353-4b63-8384-8a5f5e36aa57,Agile Defense,Applied Data & Software Engineer,https://jobs.lever.co/agile-defense/9328b001-f353-4b63-8384-8a5f5e36aa57,verify,verify,partial,0.59,,onsite,regular,,,,True,,Posting requires or references a security clearance.,florida_eligibility | employment_type | compensation,2026-10-06T12:39:08.550506+00:00
lever,04509343-b26d-47e5-a9a8-ed83b0c032aa,Agile Defense,Artificial Intelligence Subject Matter Expert (CBP),https://jobs.lever.co/agile-defense/04509343-b26d-47e5-a9a8-ed83b0c032aa,verify,verify,unresolved,0.69,,onsite,regular,180000,235000,,,,,florida_eligibility | employment_type,2026-10-06T12:39:08.552298+00:00
lever,02d3f6da-4fa6-46b1-9c1c-29ca0e9223f7,Agile Defense,Business & Documentation Admin (Procurement & Operations),https://jobs.lever.co/agile-defense/02d3f6da-4fa6-46b1-9c1c-29ca0e9223f7,verify,verify,partial,0.63,,onsite,contract,,,10,True,,Posting indicates non-full-time employment. | Posting states up to 10% travel. | Posting requires or references a security clearance.,florida_eligibility | employment_type | compensation,2026-10-06T12:39:08.553348+00:00
lever,4e7202a0-c01d-4d73-a699-09e42a05cfbf,Agile Defense,"Cloud Engineers, Senior Engineers, Architects & Automation Specialists (CBP)",https://jobs.lever.co/agile-defense/4e7202a0-c01d-4d73-a699-09e42a05cfbf,verify,verify,unresolved,0.57,,hybrid,regular,,,,,,,florida_eligibility | employment_type | compensation,2026-10-06T12:39:08.555172+00:00
lever,9970c636-8168-41fd-8db5-bf4aa931bbef,Agile Defense,Computer Engineer III,https://jobs.lever.co/agile-defense/9970c636-8168-41fd-8db5-bf4aa931bbef,verify,verify,partial,0.59,,onsite,regular,,,,True,,Posting requires or references a security clearance.,florida_eligibility | employment_type | compensation,2026-10-06T12:39:08.556168+00:00
lever,563f814d-0fe9-4160-98cd-f83303ac75df,Agile Defense,Cyber Threat Intelligence Analyst,https://jobs.lever.co/agile-defense/563f814d-0fe9-4160-98cd-f83303ac75df,verify,verify,partial,0.59,,onsite,regular,,,,True,,Posting requires or references a security clearance.,florida_eligibility | employment_type | compensation,2026-10-06T12:39:08.557142+00:00
lever,85dcf0d4-d004-4b57-add3-88bebfa5a36f,Agile Defense,Cyber Threat Intelligence Lead (CBP),https://jobs.lever.co/agile-defense/85dcf0d4-d004-4b57-add3-88bebfa5a36f,verify,verify,unresolved,0.69,,hybrid,regular,155000,180000,,,,,florida_eligibility | employment_type,2026-10-06T12:39:08.558437+00:00
lever,ce477d8b-7fd1-4790-bada-4365aaad91bf,Agile Defense,Data Engineer,https://jobs.lever.co/agile-defense/ce477d8b-7fd1-4790-bada-4365aaad91bf,verify,verify,unresolved,0.57,,remote,regular,,,,,,,florida_eligibility | employment_type | compensation,2026-10-06T12:39:08.559371+00:00
lever,45d8560d-1321-4603-a2fc-db27f1bd3425,Agile Defense,Data Engineer - CDAO,https://jobs.lever.co/agile-defense/45d8560d-1321-4603-a2fc-db27f1bd3425,verify,verify,unresolved,0.57,,hybrid,regular,,,,,,,florida_eligibility | employment_type | compensation,2026-10-06T12:39:08.560477+00:00
lever,90c41f82-9287-4ea8-821b-01b17c9a7b29,Agile Defense,Data Engineer - Joint Staff,https://jobs.lever.co/agile-defense/90c41f82-9287-4ea8-821b-01b17c9a7b29,verify,verify,unresolved,0.57,,hybrid,regular,,,,,,,florida_eligibility | employment_type | compensation,2026-10-06T12:39:08.561589+00:00
lever,e6d4bce0-bd08-4b6f-9aa2-0e8d303fd89f,Agile Defense,Data Engineer - TRANSCOM,https://jobs.lever.co/agile-defense/e6d4bce0-bd08-4b6f-9aa2-0e8d303fd89f,verify,verify,unresolved,0.57,,hybrid,regular,,,,,,,florida_eligibility | employment_type | compensation,2026-10-06T12:39:08.562682+00:00
lever,25dca4b0-57d5-4bb5-bc5e-bafd8ab3d7d7,Agile Defense,Data Engineer (Various Locations),https://jobs.lever.co/agile-defense/25dca4b0-57d5-4bb5-bc5e-bafd8ab3d7d7,verify,verify,partial,0.59,,onsite,regular,,,,True,,Posting requires or references a security clearance.,florida_eligibility | employment_type | compensation,2026-10-06T12:39:08.563600+00:00
lever,b1b77af0-af49-417c-8ca8-a8b6ba2339be,Agile Defense,Data Operations Technical Lead,https://jobs.lever.co/agile-defense/b1b77af0-af49-417c-8ca8-a8b6ba2339be,verify,verify,partial,0.61,,onsite,contract,,,,True,,Posting indicates non-full-time employment. | Posting requires or references a security clearance.,florida_eligibility | employment_type | compensation,2026-10-06T12:39:08.564622+00:00
lever,aaba6e20-a78d-4164-9941-6fbeedca8d3e,Agile Defense,Data Science & Analytics Technical Lead,https://jobs.lever.co/agile-defense/aaba6e20-a78d-4164-9941-6fbeedca8d3e,verify,verify,partial,0.61,,onsite,contract,,,,True,,Posting indicates non-full-time employment. | Posting requires or references a security clearance.,florida_eligibility | employment_type | compensation,2026-10-06T12:39:08.565736+00:00
lever,29f1614d-51be-4e8d-8b3c-5d5499a21dbd,Agile Defense,Data Scientist,https://jobs.lever.co/agile-defense/29f1614d-51be-4e8d-8b3c-5d5499a21dbd,verify,verify,unresolved,0.57,,hybrid,regular,,,,,,,florida_eligibility | employment_type | compensation,2026-10-06T12:39:08.566876+00:00
lever,7b43c9ce-0101-4f9b-8f2f-8a92c4f33869,Agile Defense,Data Scientist,https://jobs.lever.co/agile-defense/7b43c9ce-0101-4f9b-8f2f-8a92c4f33869,verify,verify,unresolved,0.57,,hybrid,regular,,,,,,,florida_eligibility | employment_type | compensation,2026-10-06T12:39:08.567960+00:00
lever,4b71c660-6bb4-4efd-8d49-8842d787664c,Agile Defense,Deputy Program Manager,https://jobs.lever.co/agile-defense/4b71c660-6bb4-4efd-8d49-8842d787664c,verify,verify,unresolved,0.57,,hybrid,regular,,,,,,,florida_eligibility | employment_type | compensation,2026-10-06T12:39:08.569546+00:00
lever,7bbe32bb-21bf-4e77-a174-25898f8e51f9,Agile Defense,Deputy Program Manager,https://jobs.lever.co/agile-defense/7bbe32bb-21bf-4e77-a174-25898f8e51f9,verify,verify,partial,0.61,,onsite,contract,,,,True,,Posting indicates non-full-time employment. | Posting requires or references a security clearance.,florida_eligibility | employment_type | compensation,2026-10-06T12:39:08.570428+00:00
lever,9aab1e98-15c8-4716-986a-6c2fb0cadcfc,Agile Defense,Digital Forensics and Incident Analyst (TS),https://jobs.lever.co/agile-defense/9aab1e98-15c8-4716-986a-6c2fb0cadcfc,verify,verify,partial,0.59,,onsite,regular,,,,True,,Posting requires or references a security clearance.,florida_eligibility | employment_type | compensation,2026-10-06T12:39:08.572069+00:00
lever,32bd3bd9-825a-47fa-b7ec-8b8c6dbcabd6,Agile Defense,Digital Forensics Lead (CBP),https://jobs.lever.co/agile-defense/32bd3bd9-825a-47fa-b7ec-8b8c6dbcabd6,verify,verify,unresolved,0.69,,hybrid,regular,155000,175000,,,,,florida_eligibility | employment_type,2026-10-06T12:39:08.574017+00:00
lever,c9b46949-7027-4fd0-9d68-40c8ac0a7a63,Agile Defense,Director of Business Development (Army),https://jobs.lever.co/agile-defense/c9b46949-7027-4fd0-9d68-40c8ac0a7a63,verify,verify,unresolved,0.57,,onsite,regular,,,,,,,florida_eligibility | employment_type | compensation,2026-10-06T12:39:08.574919+00:00
lever,f4c668d4-685b-4912-8f2b-7904db0c3b1f,Agile Defense,Endpoint Systems Administrator,https://jobs.lever.co/agile-defense/f4c668d4-685b-4912-8f2b-7904db0c3b1f,verify,verify,partial,0.73,,onsite,full-time,,,,True,,Posting explicitly identifies full-time employment. | Posting requires or references a security clearance.,florida_eligibility | compensation,2026-10-06T12:39:08.575495+00:00
lever,94247658-42cf-430b-8356-3d04afba0102,Agile Defense,Enterprise Architect (MBSE),https://jobs.lever.co/agile-defense/94247658-42cf-430b-8356-3d04afba0102,verify,verify,unresolved,0.57,,onsite,regular,,,,,,,florida_eligibility | employment_type | compensation,2026-10-06T12:39:08.576772+00:00
lever,2a1c2b4e-0673-4118-9443-e2ccdb5f9ec1,Agile Defense,Enterprise Asset Manager (CBP),https://jobs.lever.co/agile-defense/2a1c2b4e-0673-4118-9443-e2ccdb5f9ec1,verify,verify,unresolved,0.69,,hybrid,regular,135000,160000,,,,,florida_eligibility | employment_type,2026-10-06T12:39:08.578493+00:00
lever,57ea8741-f95f-4d96-94c9-b9afaa4ff09d,Agile Defense,Enterprise Cloud Systems Engineer - Intermediate,https://jobs.lever.co/agile-defense/57ea8741-f95f-4d96-94c9-b9afaa4ff09d,verify,verify,unresolved,0.57,,onsite,regular,,,,,,,florida_eligibility | employment_type | compensation,2026-10-06T12:39:08.579641+00:00
lever,f9727a1b-731c-43af-8e98-b4ed68b647bd,Agile Defense,Field Deployment Analyst (CBP),https://jobs.lever.co/agile-defense/f9727a1b-731c-43af-8e98-b4ed68b647bd,reject,reject,partial,0.71,,remote,regular,70000,80000,90,,,Posting states up to 90% travel.,florida_eligibility | employment_type,2026-10-06T12:39:08.581116+00:00
lever,98189ef7-8c90-4ccd-b92e-7052b724a773,Agile Defense,Full Stack Engineer / Software Developer (CBP),https://jobs.lever.co/agile-defense/98189ef7-8c90-4ccd-b92e-7052b724a773,verify,verify,unresolved,0.57,,hybrid,regular,,,,,,,florida_eligibility | employment_type | compensation,2026-10-06T12:39:08.582707+00:00
lever,ae5ecd86-812e-4d29-9892-48fc21943409,Agile Defense,Functional Analyst,https://jobs.lever.co/agile-defense/ae5ecd86-812e-4d29-9892-48fc21943409,verify,verify,partial,0.61,,onsite,contract,,,10,,,Posting indicates non-full-time employment. | Posting states up to 10% travel.,florida_eligibility | employment_type | compensation,2026-10-06T12:39:08.583827+00:00
lever,0021fdc9-57b9-4aee-935f-a57fffeb8e03,Agile Defense,Graphic Designer,https://jobs.lever.co/agile-defense/0021fdc9-57b9-4aee-935f-a57fffeb8e03,verify,verify,unresolved,0.57,,onsite,regular,,,,,,,florida_eligibility | employment_type | compensation,2026-10-06T12:39:08.584784+00:00
lever,aaa8d8ef-760e-4ee7-9d09-ad4bc49c5eb2,Agile Defense,Incident Response Team Lead (CBP),https://jobs.lever.co/agile-defense/aaa8d8ef-760e-4ee7-9d09-ad4bc49c5eb2,verify,verify,unresolved,0.69,,hybrid,regular,155000,180000,,,,,florida_eligibility | employment_type,2026-10-06T12:39:08.586109+00:00
lever,ff8fbc1e-bb28-4b02-af63-f6a8083cdb0c,Agile Defense,"Information System Security Officers (ISSO), Senior Security Engineers & Security Engineering Leads (CBP)",https://jobs.lever.co/agile-defense/ff8fbc1e-bb28-4b02-af63-f6a8083cdb0c,verify,verify,unresolved,0.69,,hybrid,regular,140000,190000,,,,,florida_eligibility | employment_type,2026-10-06T12:39:08.588119+00:00
lever,41f2c485-1086-4172-931a-d8fda7fe53de,Agile Defense,Information Systems Security Engineer - SME,https://jobs.lever.co/agile-defense/41f2c485-1086-4172-931a-d8fda7fe53de,verify,verify,partial,0.59,,onsite,contract,,,,,,Posting indicates non-full-time employment.,florida_eligibility | employment_type | compensation,2026-10-06T12:39:08.589568+00:00
lever,c92c9096-a6bc-4f28-ae54-eb524420475d,Agile Defense,Insider Threat Analyst (TS),https://jobs.lever.co/agile-defense/c92c9096-a6bc-4f28-ae54-eb524420475d,verify,verify,partial,0.59,,onsite,regular,,,,True,,Posting requires or references a security clearance.,florida_eligibility | employment_type | compensation,2026-10-06T12:39:08.590943+00:00
lever,f8ddce84-bed3-491a-a521-482a0ff90bd4,Agile Defense,Insider Threat Monitoring Lead (CBP),https://jobs.lever.co/agile-defense/f8ddce84-bed3-491a-a521-482a0ff90bd4,verify,verify,unresolved,0.69,,hybrid,regular,160000,185000,,,,,florida_eligibility | employment_type,2026-10-06T12:39:08.592729+00:00
lever,7277f976-95a2-4783-ba66-25d4b90ed811,Agile Defense,Intelligence Analyst (National Security Mission Support),https://jobs.lever.co/agile-defense/7277f976-95a2-4783-ba66-25d4b90ed811,verify,verify,partial,0.59,,onsite,regular,,,,True,,Posting requires or references a security clearance.,florida_eligibility | employment_type | compensation,2026-10-06T12:39:08.593985+00:00
lever,dc3a96be-55df-47ca-bc70-1401e31ead3c,Agile Defense,Intelligence Analyst (National Security Mission Support),https://jobs.lever.co/agile-defense/dc3a96be-55df-47ca-bc70-1401e31ead3c,verify,verify,partial,0.59,,onsite,regular,,,,True,,Posting requires or references a security clearance.,florida_eligibility | employment_type | compensation,2026-10-06T12:39:08.595190+00:00
lever,cf32d103-ff06-4b77-9f71-0fa881852afb,Agile Defense,Intelligence Analyst SME (National Security Mission Support),https://jobs.lever.co/agile-defense/cf32d103-ff06-4b77-9f71-0fa881852afb,verify,verify,partial,0.59,,onsite,regular,,,,True,,Posting requires or references a security clearance.,florida_eligibility | employment_type | compensation,2026-10-06T12:39:08.596563+00:00
lever,d2391c14-b6a2-4c2f-aed3-28a5bb690df7,Agile Defense,Intelligence Analyst SME (National Security Mission Support),https://jobs.lever.co/agile-defense/d2391c14-b6a2-4c2f-aed3-28a5bb690df7,verify,verify,partial,0.59,,onsite,regular,,,,True,,Posting requires or references a security clearance.,florida_eligibility | employment_type | compensation,2026-10-06T12:39:08.597935+00:00
lever,ae76cff2-303d-49ed-8897-bed5d541edf4,Agile Defense,Intelligence Monitoring Specialist,https://jobs.lever.co/agile-defense/ae76cff2-303d-49ed-8897-bed5d541edf4,verify,verify,unresolved,0.57,,onsite,regular,,,,,,,florida_eligibility | employment_type | compensation,2026-10-06T12:39:08.599455+00:00
lever,8bb8dcbd-18c4-4e9a-a204-25948d6380e4,Agile Defense,Intelligence Production Editor,https://jobs.lever.co/agile-defense/8bb8dcbd-18c4-4e9a-a204-25948d6380e4,verify,verify,partial,0.59,,onsite,regular,,,,True,,Posting requires or references a security clearance.,florida_eligibility | employment_type | compensation,2026-10-06T12:39:08.600662+00:00
lever,cc7ebcb3-1c26-4533-a0ed-fbc129875caa,Agile Defense,Investigative Intelligence Analyst,https://jobs.lever.co/agile-defense/cc7ebcb3-1c26-4533-a0ed-fbc129875caa,verify,verify,unresolved,0.57,,onsite,regular,,,,,,,florida_eligibility | employment_type | compensation,2026-10-06T12:39:08.602262+00:00
lever,1d42cfed-f912-49c8-b553-19f98197065d,Agile Defense,IT Customer Service Technician,https://jobs.lever.co/agile-defense/1d42cfed-f912-49c8-b553-19f98197065d,verify,verify,partial,0.63,,remote,contract,,,10,True,,Posting indicates non-full-time employment. | Posting states up to 10% travel. | Posting requires or references a security clearance.,florida_eligibility | employment_type | compensation,2026-10-06T12:39:08.603301+00:00
lever,82554071-b04b-4a2b-9f29-e455b8f6ec52,Agile Defense,IT Customer Service Technician,https://jobs.lever.co/agile-defense/82554071-b04b-4a2b-9f29-e455b8f6ec52,verify,verify,partial,0.63,,remote,contract,,,10,True,,Posting indicates non-full-time employment. | Posting states up to 10% travel. | Posting requires or references a security clearance.,florida_eligibility | employment_type | compensation,2026-10-06T12:39:08.604305+00:00
lever,d9cc70f9-8c00-42a6-8053-7d5db72bd655,Agile Defense,IT Customer Service Technician,https://jobs.lever.co/agile-defense/d9cc70f9-8c00-42a6-8053-7d5db72bd655,verify,verify,partial,0.63,,remote,contract,,,10,True,,Posting indicates non-full-time employment. | Posting states up to 10% travel. | Posting requires or references a security clearance.,florida_eligibility | employment_type | compensation,2026-10-06T12:39:08.605289+00:00
lever,ac98c83d-6fed-423f-934f-044deeae71e6,Agile Defense,"IT Project Lead, SME",https://jobs.lever.co/agile-defense/ac98c83d-6fed-423f-934f-044deeae71e6,verify,verify,unresolved,0.57,,onsite,regular,,,,,,,florida_eligibility | employment_type | compensation,2026-10-06T12:39:08.606691+00:00
lever,b7bf2a2e-2e85-4116-92da-470eb4be3672,Agile Defense,Java Developer,https://jobs.lever.co/agile-defense/b7bf2a2e-2e85-4116-92da-470eb4be3672,verify,verify,partial,0.59,,hybrid,regular,,,,True,,Posting requires or references a security clearance.,florida_eligibility | employment_type | compensation,2026-10-06T12:39:08.607622+00:00
lever,fd51b24e-dcbd-45e5-a6fc-ecde758dfee7,Agile Defense,Java Engineer - Secret Clearance Required,https://jobs.lever.co/agile-defense/fd51b24e-dcbd-45e5-a6fc-ecde758dfee7,verify,verify,partial,0.59,,hybrid,regular,,,,True,,Posting requires or references a security clearance.,florida_eligibility | employment_type | compensation,2026-10-06T12:39:08.608573+00:00
lever,84bdf1d4-a1a6-4bb2-9609-521efbfe9a8f,Agile Defense,Mission Assurance Analyst,https://jobs.lever.co/agile-defense/84bdf1d4-a1a6-4bb2-9609-521efbfe9a8f,verify,verify,partial,0.59,,remote,regular,,,,True,,Posting requires or references a security clearance.,florida_eligibility | employment_type | compensation,2026-10-06T12:39:08.609716+00:00
lever,d03b0223-99a4-4937-b508-6e71fffc118f,Agile Defense,"Mobility Analysts, Mobility Engineers, VTC Analysts & Senior VTC Engineers (CBP)",https://jobs.lever.co/agile-defense/d03b0223-99a4-4937-b508-6e71fffc118f,verify,verify,unresolved,0.57,,remote,regular,,,,,,,florida_eligibility | employment_type | compensation,2026-10-06T12:39:08.611534+00:00
lever,49bfefa5-b6f6-49fd-9548-cea453483eb7,Agile Defense,MSS Developer,https://jobs.lever.co/agile-defense/49bfefa5-b6f6-49fd-9548-cea453483eb7,verify,verify,unresolved,0.57,,onsite,regular,,,,,,,florida_eligibility | employment_type | compensation,2026-10-06T12:39:08.612857+00:00
lever,b4396950-a0c9-425f-b8a7-6da71027868c,Agile Defense,MSS Developers (Various Locations),https://jobs.lever.co/agile-defense/b4396950-a0c9-425f-b8a7-6da71027868c,verify,verify,partial,0.59,,onsite,regular,,,,True,,Posting requires or references a security clearance.,florida_eligibility | employment_type | compensation,2026-10-06T12:39:08.614086+00:00
lever,c8a9a797-3b2e-4859-81e2-bf1467c700a4,Agile Defense,Navy Delivery Director,https://jobs.lever.co/agile-defense/c8a9a797-3b2e-4859-81e2-bf1467c700a4,verify,verify,partial,0.61,,remote,contract,,,,True,,Posting indicates non-full-time employment. | Posting requires or references a security clearance.,florida_eligibility | employment_type | compensation,2026-10-06T12:39:08.615262+00:00
lever,857da9ba-80c8-4155-b659-a28390fa524a,Agile Defense,Network Design Engineer,https://jobs.lever.co/agile-defense/857da9ba-80c8-4155-b659-a28390fa524a,verify,verify,partial,0.59,,onsite,regular,,,,True,,Posting requires or references a security clearance.,florida_eligibility | employment_type | compensation,2026-10-06T12:39:08.616424+00:00
lever,016fc439-dbad-4757-9cf5-80b65e253825,Agile Defense,Network Engineer (CBP - original),https://jobs.lever.co/agile-defense/016fc439-dbad-4757-9cf5-80b65e253825,verify,verify,partial,0.71,True,hybrid,regular,,,,,,Posting permits remote work throughout the United States.,employment_type | compensation,2026-10-06T12:39:08.617650+00:00
lever,ff7ab5d9-ae09-4870-a82a-72d230c612c3,Agile Defense,"Network Engineers, Senior Engineers & Architects (CBP)",https://jobs.lever.co/agile-defense/ff7ab5d9-ae09-4870-a82a-72d230c612c3,verify,verify,unresolved,0.69,,hybrid,regular,90000,150000,,,,,florida_eligibility | employment_type,2026-10-06T12:39:08.619720+00:00
lever,439243a2-68e7-4b36-90c9-649ef7512550,Agile Defense,Network Installation Specialist - Journeyman,https://jobs.lever.co/agile-defense/439243a2-68e7-4b36-90c9-649ef7512550,verify,verify,partial,0.61,,remote,regular,,,90,True,,Posting states up to 90% travel. | Posting requires or references a security clearance.,florida_eligibility | employment_type | compensation,2026-10-06T12:39:08.620783+00:00
lever,c24df8c0-0b79-40e3-ac2e-324e81cd72ec,Agile Defense,Network Security Engineer,https://jobs.lever.co/agile-defense/c24df8c0-0b79-40e3-ac2e-324e81cd72ec,verify,verify,unresolved,0.57,,onsite,regular,,,,,,,florida_eligibility | employment_type | compensation,2026-10-06T12:39:08.622519+00:00
lever,f3fb0d44-08c5-450c-92b3-1b4660835e2c,Agile Defense,Open Source Research Specialist II - Night Shift,https://jobs.lever.co/agile-defense/f3fb0d44-08c5-450c-92b3-1b4660835e2c,verify,verify,partial,0.59,,onsite,regular,,,,True,,Posting requires or references a security clearance.,florida_eligibility | employment_type | compensation,2026-10-06T12:39:08.623530+00:00
lever,ae305bc6-4d94-4e35-83cb-c6cb3eea211d,Agile Defense,Penetration Tester III,https://jobs.lever.co/agile-defense/ae305bc6-4d94-4e35-83cb-c6cb3eea211d,verify,verify,partial,0.61,,hybrid,contract,,,,True,,Posting indicates non-full-time employment. | Posting requires or references a security clearance.,florida_eligibility | employment_type | compensation,2026-10-06T12:39:08.625412+00:00
lever,5ecb63bd-5d57-451a-ab8f-eadce294630a,Agile Defense,Procurement Compliance Manager,https://jobs.lever.co/agile-defense/5ecb63bd-5d57-451a-ab8f-eadce294630a,verify,verify,partial,0.59,,remote,contract,,,,,,Posting indicates non-full-time employment.,florida_eligibility | employment_type | compensation,2026-10-06T12:39:08.626870+00:00
lever,77caf33f-dbd4-4a60-aec3-39bb91552d20,Agile Defense,Product Manager,https://jobs.lever.co/agile-defense/77caf33f-dbd4-4a60-aec3-39bb91552d20,verify,verify,unresolved,0.57,,onsite,regular,,,,,,,florida_eligibility | employment_type | compensation,2026-10-06T12:39:08.628710+00:00
lever,83a51c9b-1ace-4e39-9583-731f706c7e2e,Agile Defense,Product Owner - CDAO,https://jobs.lever.co/agile-defense/83a51c9b-1ace-4e39-9583-731f706c7e2e,verify,verify,unresolved,0.57,,onsite,regular,,,,,,,florida_eligibility | employment_type | compensation,2026-10-06T12:39:08.630007+00:00
lever,67efa06a-67c7-4366-8f76-9f456532018f,Agile Defense,Program Manager,https://jobs.lever.co/agile-defense/67efa06a-67c7-4366-8f76-9f456532018f,verify,verify,partial,0.61,,onsite,contract,,,,True,,Posting indicates non-full-time employment. | Posting requires or references a security clearance.,florida_eligibility | employment_type | compensation,2026-10-06T12:39:08.630868+00:00
lever,b2d5f074-26e6-4756-94ae-b82a473d0e91,Agile Defense,Program Manager,https://jobs.lever.co/agile-defense/b2d5f074-26e6-4756-94ae-b82a473d0e91,verify,verify,partial,0.59,,hybrid,contract,,,,,,Posting indicates non-full-time employment.,florida_eligibility | employment_type | compensation,2026-10-06T12:39:08.632178+00:00
lever,ee058543-184a-4d95-b004-fef4e42b62a7,Agile Defense,Program Manager,https://jobs.lever.co/agile-defense/ee058543-184a-4d95-b004-fef4e42b62a7,verify,verify,partial,0.59,,onsite,contract,,,,,,Posting indicates non-full-time employment.,florida_eligibility | employment_type | compensation,2026-10-06T12:39:08.633459+00:00
lever,1dd32b04-f586-4dc4-a228-0369fd2b59f5,Agile Defense,Program Manager (CBP),https://jobs.lever.co/agile-defense/1dd32b04-f586-4dc4-a228-0369fd2b59f5,verify,verify,partial,0.59,,hybrid,contract,,,,,,Posting indicates non-full-time employment.,florida_eligibility | employment_type | compensation,2026-10-06T12:39:08.635004+00:00
lever,fa3b2c6b-44be-4f70-b9ec-ba9cfa51193f,Agile Defense,"Program Managers, Deputy Program Managers, Senior Project Managers & Project Managers (CBP)",https://jobs.lever.co/agile-defense/fa3b2c6b-44be-4f70-b9ec-ba9cfa51193f,verify,verify,partial,0.71,,hybrid,full-time,,,,,,Posting explicitly identifies full-time employment.,florida_eligibility | compensation,2026-10-06T12:39:08.636723+00:00
lever,5ad81bfd-f3ef-4156-95c2-eb962cb5b07a,Agile Defense,Programming Specialist,https://jobs.lever.co/agile-defense/5ad81bfd-f3ef-4156-95c2-eb962cb5b07a,verify,verify,unresolved,0.57,,onsite,regular,,,,,,,florida_eligibility | employment_type | compensation,2026-10-06T12:39:08.638074+00:00
lever,2b888272-831e-46b4-9558-43d5c6cb462f,Agile Defense,Project Analyst,https://jobs.lever.co/agile-defense/2b888272-831e-46b4-9558-43d5c6cb462f,verify,verify,unresolved,0.57,,onsite,regular,,,,,,,florida_eligibility | employment_type | compensation,2026-10-06T12:39:08.638992+00:00
lever,fa7c915d-08dc-43f0-925d-05b9e320d4e7,Agile Defense,Proposal Manager,https://jobs.lever.co/agile-defense/fa7c915d-08dc-43f0-925d-05b9e320d4e7,verify,verify,unresolved,0.57,,onsite,regular,,,,,,,florida_eligibility | employment_type | compensation,2026-10-06T12:39:08.640348+00:00
lever,f11bc32b-afbe-4f48-a6b8-bba9f9a76cec,Agile Defense,Registration Authority,https://jobs.lever.co/agile-defense/f11bc32b-afbe-4f48-a6b8-bba9f9a76cec,verify,verify,unresolved,0.57,,onsite,regular,,,,,,,florida_eligibility | employment_type | compensation,2026-10-06T12:39:08.641515+00:00
lever,446e948b-bbb6-4784-86ed-a930d7dacd9e,Agile Defense,"Sales Engineer, Embedded AI",https://jobs.lever.co/agile-defense/446e948b-bbb6-4784-86ed-a930d7dacd9e,verify,verify,partial,0.59,,hybrid,regular,,,,True,,Posting requires or references a security clearance.,florida_eligibility | employment_type | compensation,2026-10-06T12:39:08.642767+00:00
lever,7703d460-4ca7-48e4-9e38-0f1f7d4dc58d,Agile Defense,Scrum Master III,https://jobs.lever.co/agile-defense/7703d460-4ca7-48e4-9e38-0f1f7d4dc58d,verify,verify,partial,0.59,,onsite,regular,,,,True,,Posting requires or references a security clearance.,florida_eligibility | employment_type | compensation,2026-10-06T12:39:08.643899+00:00
lever,b86ead18-1ef0-4847-a59a-b7e951d4de94,Agile Defense,Security Analyst,https://jobs.lever.co/agile-defense/b86ead18-1ef0-4847-a59a-b7e951d4de94,verify,verify,partial,0.59,,onsite,regular,,,,True,,Posting requires or references a security clearance.,florida_eligibility | employment_type | compensation,2026-10-06T12:39:08.644939+00:00
lever,e0b58e19-4582-4a0f-8820-b9f21bb37a89,Agile Defense,Security Engineer,https://jobs.lever.co/agile-defense/e0b58e19-4582-4a0f-8820-b9f21bb37a89,verify,verify,unresolved,0.57,,onsite,regular,,,,,,,florida_eligibility | employment_type | compensation,2026-10-06T12:39:08.646512+00:00
lever,fc06468b-c8c5-413a-853e-8decc531226f,Agile Defense,Security Engineering Lead,https://jobs.lever.co/agile-defense/fc06468b-c8c5-413a-853e-8decc531226f,verify,verify,unresolved,0.57,,hybrid,regular,,,,,,,florida_eligibility | employment_type | compensation,2026-10-06T12:39:08.647870+00:00
lever,04782e8c-bb50-4f87-a473-7d63dbacca45,Agile Defense,Security Operations Center Manager (CBP),https://jobs.lever.co/agile-defense/04782e8c-bb50-4f87-a473-7d63dbacca45,verify,verify,unresolved,0.69,,hybrid,regular,155000,185000,,,,,florida_eligibility | employment_type,2026-10-06T12:39:08.649867+00:00
lever,c519804a-4b47-4bcf-8c4f-a6d91c526c8c,Agile Defense,Senior Application Security Engineer,https://jobs.lever.co/agile-defense/c519804a-4b47-4bcf-8c4f-a6d91c526c8c,verify,verify,unresolved,0.57,,remote,regular,,,,,,,florida_eligibility | employment_type | compensation,2026-10-06T12:39:08.650979+00:00
lever,294c9881-e0ca-4dea-970a-5c58160e33ff,Agile Defense,Senior Defense Capture Manager (Air Force),https://jobs.lever.co/agile-defense/294c9881-e0ca-4dea-970a-5c58160e33ff,verify,verify,partial,0.59,,remote,regular,,,,True,,Posting requires or references a security clearance.,florida_eligibility | employment_type | compensation,2026-10-06T12:39:08.652178+00:00
lever,648530fa-0a30-4281-b434-2772e29bcdaf,Agile Defense,Senior Defense Capture Manager (Army),https://jobs.lever.co/agile-defense/648530fa-0a30-4281-b434-2772e29bcdaf,verify,verify,partial,0.59,,remote,regular,,,,True,,Posting requires or references a security clearance.,florida_eligibility | employment_type | compensation,2026-10-06T12:39:08.653346+00:00
lever,f7b4a22c-6fe0-4fa6-9c87-d6399b87fb41,Agile Defense,Senior Hardware/Software Installation Technician,https://jobs.lever.co/agile-defense/f7b4a22c-6fe0-4fa6-9c87-d6399b87fb41,verify,verify,partial,0.61,,remote,regular,,,90,True,,Posting states up to 90% travel. | Posting requires or references a security clearance.,florida_eligibility | employment_type | compensation,2026-10-06T12:39:08.654396+00:00
lever,3ab99c36-1431-4176-ac95-baa2e3f981eb,Agile Defense,Senior Hardware/Software Installation Technician (Survey Team Lead),https://jobs.lever.co/agile-defense/3ab99c36-1431-4176-ac95-baa2e3f981eb,verify,verify,partial,0.61,,remote,regular,,,90,True,,Posting states up to 90% travel. | Posting requires or references a security clearance.,florida_eligibility | employment_type | compensation,2026-10-06T12:39:08.655458+00:00
lever,2a972add-cc1b-4e2f-84cd-da15be172b7f,Agile Defense,Senior Java Engineer - Secret Clearance Required,https://jobs.lever.co/agile-defense/2a972add-cc1b-4e2f-84cd-da15be172b7f,verify,verify,partial,0.59,,hybrid,regular,,,,True,,Posting requires or references a security clearance.,florida_eligibility | employment_type | compensation,2026-10-06T12:39:08.656389+00:00
lever,c75371eb-f9a0-4b99-bbae-18e42381445a,Agile Defense,Senior Linux Systems Engineer,https://jobs.lever.co/agile-defense/c75371eb-f9a0-4b99-bbae-18e42381445a,verify,verify,partial,0.59,,hybrid,contract,,,,,,Posting indicates non-full-time employment.,florida_eligibility | employment_type | compensation,2026-10-06T12:39:08.658133+00:00
lever,1f19a9a3-cab4-4058-aaf3-b1af0d182023,Agile Defense,Senior Mission Assurance Analyst,https://jobs.lever.co/agile-defense/1f19a9a3-cab4-4058-aaf3-b1af0d182023,verify,verify,partial,0.59,,remote,regular,,,,True,,Posting requires or references a security clearance.,florida_eligibility | employment_type | compensation,2026-10-06T12:39:08.659339+00:00
lever,fa6cdbda-3529-491e-bec9-e64205fcbeec,Agile Defense,Senior Network Engineer (CBP - Original),https://jobs.lever.co/agile-defense/fa6cdbda-3529-491e-bec9-e64205fcbeec,verify,verify,partial,0.71,True,hybrid,regular,,,,,,Posting permits remote work throughout the United States.,employment_type | compensation,2026-10-06T12:39:08.660830+00:00
lever,18be5bec-f3bf-4a36-ab35-a134e05a4dcc,Agile Defense,Senior Program Integration Lead,https://jobs.lever.co/agile-defense/18be5bec-f3bf-4a36-ab35-a134e05a4dcc,verify,verify,partial,0.59,,remote,regular,,,,True,,Posting requires or references a security clearance.,florida_eligibility | employment_type | compensation,2026-10-06T12:39:08.662772+00:00
lever,441b155c-f843-4767-b216-d0b709207dd7,Agile Defense,Senior Proposal Solutions Architect,https://jobs.lever.co/agile-defense/441b155c-f843-4767-b216-d0b709207dd7,verify,verify,partial,0.83,,remote,full-time,180000,200000,,,,Posting explicitly identifies full-time employment.,florida_eligibility,2026-10-06T12:39:08.664165+00:00
lever,12e56b3a-6435-47e3-9c29-548daa7bf482,Agile Defense,Senior Security Architect,https://jobs.lever.co/agile-defense/12e56b3a-6435-47e3-9c29-548daa7bf482,verify,verify,unresolved,0.57,,hybrid,regular,,,,,,,florida_eligibility | employment_type | compensation,2026-10-06T12:39:08.665172+00:00
lever,884b3ad8-bb44-4285-b55d-1b7ec3fbe8ff,Agile Defense,Senior Software Engineer - Secret Clearance Required,https://jobs.lever.co/agile-defense/884b3ad8-bb44-4285-b55d-1b7ec3fbe8ff,verify,verify,partial,0.59,,hybrid,regular,,,,True,,Posting requires or references a security clearance.,florida_eligibility | employment_type | compensation,2026-10-06T12:39:08.666072+00:00
lever,fa11646b-f502-4338-8fc8-9d039061298e,Agile Defense,Senior Technical Integration Lead,https://jobs.lever.co/agile-defense/fa11646b-f502-4338-8fc8-9d039061298e,verify,verify,partial,0.59,,remote,regular,,,,True,,Posting requires or references a security clearance.,florida_eligibility | employment_type | compensation,2026-10-06T12:39:08.667889+00:00
lever,3effb9ac-ff91-495c-ac70-2bf0de1cf8d9,Agile Defense,Senior Video Producer,https://jobs.lever.co/agile-defense/3effb9ac-ff91-495c-ac70-2bf0de1cf8d9,verify,verify,unresolved,0.57,,remote,regular,,,,,,,florida_eligibility | employment_type | compensation,2026-10-06T12:39:08.669336+00:00
lever,d5c2668f-79c8-4c1d-8c09-ed7e115653c1,Agile Defense,SharePoint Administrator III,https://jobs.lever.co/agile-defense/d5c2668f-79c8-4c1d-8c09-ed7e115653c1,verify,verify,unresolved,0.57,,remote,regular,,,,,,,florida_eligibility | employment_type | compensation,2026-10-06T12:39:08.670377+00:00
lever,10edd8dc-7bb2-4005-8e10-917713c101ba,Agile Defense,SharePoint Developer II,https://jobs.lever.co/agile-defense/10edd8dc-7bb2-4005-8e10-917713c101ba,verify,verify,unresolved,0.57,,remote,regular,,,,,,,florida_eligibility | employment_type | compensation,2026-10-06T12:39:08.671366+00:00
lever,6516a12a-b8b9-48d0-9e7d-e112104b1fe2,Agile Defense,Software Architect – AI-Enabled Enterprise Platform,https://jobs.lever.co/agile-defense/6516a12a-b8b9-48d0-9e7d-e112104b1fe2,verify,verify,partial,0.59,,remote,regular,,,,True,,Posting requires or references a security clearance.,florida_eligibility | employment_type | compensation,2026-10-06T12:39:08.673175+00:00
lever,4d5254dd-8366-4983-9156-a7f989fea964,Agile Defense,Software Developer I,https://jobs.lever.co/agile-defense/4d5254dd-8366-4983-9156-a7f989fea964,verify,verify,partial,0.59,,hybrid,regular,,,,True,,Posting requires or references a security clearance.,florida_eligibility | employment_type | compensation,2026-10-06T12:39:08.674230+00:00
lever,3bb95132-8699-4807-97ec-10fa83b57dad,Agile Defense,Software Engineer - Secret Clearance Required,https://jobs.lever.co/agile-defense/3bb95132-8699-4807-97ec-10fa83b57dad,verify,verify,partial,0.59,,hybrid,regular,,,,True,,Posting requires or references a security clearance.,florida_eligibility | employment_type | compensation,2026-10-06T12:39:08.675132+00:00
lever,d3795a5a-3153-49da-8b81-721138b56a14,Agile Defense,Software Engineer (Mid & Senior),https://jobs.lever.co/agile-defense/d3795a5a-3153-49da-8b81-721138b56a14,verify,verify,partial,0.59,,remote,contract,,,,,,Posting indicates non-full-time employment.,florida_eligibility | employment_type | compensation,2026-10-06T12:39:08.676596+00:00
lever,a65bd26e-7b3e-4a95-b57d-5d722ced8176,Agile Defense,Software Engineer III,https://jobs.lever.co/agile-defense/a65bd26e-7b3e-4a95-b57d-5d722ced8176,verify,verify,partial,0.59,,onsite,regular,,,,True,,Posting requires or references a security clearance.,florida_eligibility | employment_type | compensation,2026-10-06T12:39:08.677500+00:00
lever,c7ce7e99-5070-433c-8b53-5ffab6ae82b5,Agile Defense,"Software Engineering Lead (Java, OpenFGA)",https://jobs.lever.co/agile-defense/c7ce7e99-5070-433c-8b53-5ffab6ae82b5,verify,verify,unresolved,0.57,,hybrid,regular,,,,,,,florida_eligibility | employment_type | compensation,2026-10-06T12:39:08.678490+00:00
lever,4e73ee21-938a-4594-99e7-55026b711583,Agile Defense,Software/CNO Developer,https://jobs.lever.co/agile-defense/4e73ee21-938a-4594-99e7-55026b711583,verify,verify,unresolved,0.57,,onsite,regular,,,,,,,florida_eligibility | employment_type | compensation,2026-10-06T12:39:08.679517+00:00
lever,33a8adb7-aed0-4e7f-86dd-2738b8ef55fb,Agile Defense,Splunk Architect Lead (CBP),https://jobs.lever.co/agile-defense/33a8adb7-aed0-4e7f-86dd-2738b8ef55fb,verify,verify,partial,0.71,,hybrid,regular,175000,225000,,True,,Posting requires or references a security clearance.,florida_eligibility | employment_type,2026-10-06T12:39:08.680641+00:00
lever,3bc4054f-2fd0-411c-a87f-70cb6919216c,Agile Defense,Sr. Enterprise Engineer,https://jobs.lever.co/agile-defense/3bc4054f-2fd0-411c-a87f-70cb6919216c,verify,verify,partial,0.59,,onsite,regular,,,,True,,Posting requires or references a security clearance.,florida_eligibility | employment_type | compensation,2026-10-06T12:39:08.681796+00:00
lever,9b9c06b5-d902-4d0c-b520-fad21af395e6,Agile Defense,System Administrator (TTC) I,https://jobs.lever.co/agile-defense/9b9c06b5-d902-4d0c-b520-fad21af395e6,verify,verify,partial,0.61,,onsite,contract,,,10,,,Posting indicates non-full-time employment. | Posting states up to 10% travel.,florida_eligibility | employment_type | compensation,2026-10-06T12:39:08.683046+00:00
lever,75c44799-f4fe-47ac-bf05-a68b0e545c15,Agile Defense,System Administrator I,https://jobs.lever.co/agile-defense/75c44799-f4fe-47ac-bf05-a68b0e545c15,verify,verify,partial,0.59,,onsite,regular,,,,True,,Posting requires or references a security clearance.,florida_eligibility | employment_type | compensation,2026-10-06T12:39:08.684167+00:00
lever,7798d63a-674f-4e35-829c-3852505c40bc,Agile Defense,System Engineer (MBSE),https://jobs.lever.co/agile-defense/7798d63a-674f-4e35-829c-3852505c40bc,verify,verify,unresolved,0.57,,hybrid,regular,,,,,,,florida_eligibility | employment_type | compensation,2026-10-06T12:39:08.685455+00:00
lever,52e175c1-45e0-4ceb-b975-b986ade85a5d,Agile Defense,Systems Administrator - Associate (ACAS),https://jobs.lever.co/agile-defense/52e175c1-45e0-4ceb-b975-b986ade85a5d,verify,verify,partial,0.59,,onsite,regular,,,,True,,Posting requires or references a security clearance.,florida_eligibility | employment_type | compensation,2026-10-06T12:39:08.686471+00:00
lever,36267593-a3d4-402d-8851-3e6dee32c1e9,Agile Defense,Systems Administrator - Virtualization (Intermediate & Associate),https://jobs.lever.co/agile-defense/36267593-a3d4-402d-8851-3e6dee32c1e9,verify,verify,partial,0.59,,onsite,regular,,,,True,,Posting requires or references a security clearance.,florida_eligibility | employment_type | compensation,2026-10-06T12:39:08.687772+00:00
lever,80d070b2-5561-4b07-88ce-3063a1e87ada,Agile Defense,Systems Administrator (Linux & Windows),https://jobs.lever.co/agile-defense/80d070b2-5561-4b07-88ce-3063a1e87ada,verify,verify,unresolved,0.57,,remote,regular,,,,,,,florida_eligibility | employment_type | compensation,2026-10-06T12:39:08.689918+00:00
lever,cefb5cdc-5128-4f5b-8c39-7830a8708426,Agile Defense,Systems Engineer III,https://jobs.lever.co/agile-defense/cefb5cdc-5128-4f5b-8c39-7830a8708426,verify,verify,partial,0.59,,onsite,regular,,,,True,,Posting requires or references a security clearance.,florida_eligibility | employment_type | compensation,2026-10-06T12:39:08.691132+00:00
lever,966ffd4d-e8a6-4775-840e-8e263b4a4921,Agile Defense,Tactical Data link (TDL) Test & Evaluation Analyst - Intermediate,https://jobs.lever.co/agile-defense/966ffd4d-e8a6-4775-840e-8e263b4a4921,verify,verify,partial,0.61,,onsite,contract,,,10,,,Posting indicates non-full-time employment. | Posting states up to 10% travel.,florida_eligibility | employment_type | compensation,2026-10-06T12:39:08.692545+00:00
lever,7d326d62-608e-4207-9ce0-160022854fb6,Agile Defense,Tactical Data link (TDL) Test & Evaluation Analyst - Senior,https://jobs.lever.co/agile-defense/7d326d62-608e-4207-9ce0-160022854fb6,verify,verify,partial,0.61,,onsite,contract,,,10,,,Posting indicates non-full-time employment. | Posting states up to 10% travel.,florida_eligibility | employment_type | compensation,2026-10-06T12:39:08.694044+00:00
lever,c72899d8-9a5c-4aea-a7cf-739b042ddb41,Agile Defense,Technical Support - Helpdesk Support Specialist I,https://jobs.lever.co/agile-defense/c72899d8-9a5c-4aea-a7cf-739b042ddb41,verify,verify,partial,0.59,,remote,regular,,,,True,,Posting requires or references a security clearance.,florida_eligibility | employment_type | compensation,2026-10-06T12:39:08.695454+00:00
lever,4d37db04-1b03-4156-9ef1-215b0234bf3f,Agile Defense,Technical Writer (CBP),https://jobs.lever.co/agile-defense/4d37db04-1b03-4156-9ef1-215b0234bf3f,verify,verify,partial,0.59,,onsite,contract,,,,,,Posting indicates non-full-time employment.,florida_eligibility | employment_type | compensation,2026-10-06T12:39:08.696947+00:00
lever,11c347cc-b3a7-4f79-a213-02fca8aea4b9,Agile Defense,Test & Evaluation Specialist,https://jobs.lever.co/agile-defense/11c347cc-b3a7-4f79-a213-02fca8aea4b9,verify,verify,unresolved,0.57,,onsite,regular,,,,,,,florida_eligibility | employment_type | compensation,2026-10-06T12:39:08.697931+00:00
lever,b3a4da3b-f6ab-4ae0-bdb8-3926fd6350ce,Agile Defense,Test & Evaluation Specialist III,https://jobs.lever.co/agile-defense/b3a4da3b-f6ab-4ae0-bdb8-3926fd6350ce,verify,verify,partial,0.61,,onsite,contract,,,40,,,Posting indicates non-full-time employment. | Posting states up to 40% travel.,florida_eligibility | employment_type | compensation,2026-10-06T12:39:08.699405+00:00
lever,08a0da53-4577-4851-97b0-e14fa029b45f,Agile Defense,Threat Hunt Lead (CBP),https://jobs.lever.co/agile-defense/08a0da53-4577-4851-97b0-e14fa029b45f,verify,verify,unresolved,0.69,,hybrid,regular,165000,200000,,,,,florida_eligibility | employment_type,2026-10-06T12:39:08.701529+00:00
lever,630e9af6-4505-4095-adb3-7982ee67650b,Agile Defense,Unified Communications Specialist,https://jobs.lever.co/agile-defense/630e9af6-4505-4095-adb3-7982ee67650b,verify,verify,partial,0.61,,remote,contract,,,10,,,Posting indicates non-full-time employment. | Posting states up to 10% travel.,florida_eligibility | employment_type | compensation,2026-10-06T12:39:08.703180+00:00
lever,af026ac9-6a79-4073-b237-4db04031d0a6,Agile Defense,Vulnerability Assessment (VA) Team Lead (CBP),https://jobs.lever.co/agile-defense/af026ac9-6a79-4073-b237-4db04031d0a6,verify,verify,partial,0.71,,hybrid,regular,155000,175000,,True,,Posting requires or references a security clearance.,florida_eligibility | employment_type,2026-10-06T12:39:08.704839+00:00
lever,9b915990-f813-4c96-a8c9-a02e8d82bc42,Agile Defense,"Watchfloor Analyst - I, II, and III",https://jobs.lever.co/agile-defense/9b915990-f813-4c96-a8c9-a02e8d82bc42,verify,verify,partial,0.71,,onsite,full-time,,,,,,Posting explicitly identifies full-time employment.,florida_eligibility | compensation,2026-10-06T12:39:08.705916+00:00
lever,f674a127-fec6-45ec-8e9c-f4616fc89b7a,Agile Defense,Web Developer – Intermediate,https://jobs.lever.co/agile-defense/f674a127-fec6-45ec-8e9c-f4616fc89b7a,verify,verify,unresolved,0.57,,onsite,regular,,,,,,,florida_eligibility | employment_type | compensation,2026-10-06T12:39:08.707081+00:00
lever,6c0fa0f5-83c0-4c45-97c6-85978f42369f,Agile Defense,Windows Desktop Administrator – Associate,https://jobs.lever.co/agile-defense/6c0fa0f5-83c0-4c45-97c6-85978f42369f,verify,verify,partial,0.59,,onsite,regular,,,,True,,Posting requires or references a security clearance.,florida_eligibility | employment_type | compensation,2026-10-06T12:39:08.708087+00:00
lever,25e98ee4-db47-4ba7-8ef5-05a1f7ef1c5b,Agile Defense,Windows System Administrator,https://jobs.lever.co/agile-defense/25e98ee4-db47-4ba7-8ef5-05a1f7ef1c5b,verify,verify,partial,0.61,,remote,contract,,,10,,,Posting indicates non-full-time employment. | Posting states up to 10% travel.,florida_eligibility | employment_type | compensation,2026-10-06T12:39:08.709412+00:00
lever,e80afb33-5c0d-4383-9a02-aae634fe44d6,Agile Defense,ZScaler SME Network Engineer,https://jobs.lever.co/agile-defense/e80afb33-5c0d-4383-9a02-aae634fe44d6,verify,verify,partial,0.71,True,hybrid,regular,,,,,,Posting permits remote work throughout the United States.,employment_type | compensation,2026-10-06T12:39:08.711314+00:00
